,season,full_name,drive_distance,gir,proximity,scrambling,putting_conversion
0,2002,bernhard_langer,271.3,0.64,34.916666666666664,0.6204,0.2743
1,2002,billy_mayfair,270.9,0.6648999999999999,35.833333333333336,0.6108,0.27
2,2002,bob_estes,279.8,0.7015,32.0,0.5964,0.2846
3,2002,brad_faxon,269.6,0.6372,34.083333333333336,0.6144,0.3077
4,2002,chad_campbell,281.5,0.6916,31.5,0.5982999999999999,0.2937
5,2002,charles_howell_iii,293.7,0.6905,34.833333333333336,0.601,0.3141
6,2002,chris_dimarco,279.7,0.6808,34.083333333333336,0.6331,0.32530000000000003
7,2002,chris_riley,272.7,0.6509999999999999,34.416666666666664,0.6617000000000001,0.3247
8,2002,craig_parry,278.3,0.6766,35.333333333333336,0.5871999999999999,0.2883
9,2002,craig_perks,278.5,0.6185,36.833333333333336,0.6053000000000001,0.30510000000000004
10,2002,craig_stadler,280.4,0.6601,37.75,0.5817,0.3073
11,2002,david_duval,290.8,0.6565000000000001,33.25,0.5763,0.3477
12,2002,david_toms,279.2,0.7018000000000001,30.41666666666667,0.6141,0.33659999999999995
13,2002,davis_love_iii,287.7,0.662,33.833333333333336,0.6257,0.31980000000000003
14,2002,ernie_els,281.4,0.6437,37.66666666666666,0.6263000000000001,0.3019
15,2002,fred_couples,288.6,0.6463,34.75,0.6099,0.3376
16,2002,fred_funk,273.0,0.7106999999999999,30.0,0.6322,0.3129
17,2002,jay_haas,273.3,0.6364,36.41666666666666,0.6344,0.2952
18,2002,jeff_maggert,274.9,0.6428,32.416666666666664,0.6024,0.2708
19,2002,jeff_sluman,272.9,0.6914,34.833333333333336,0.6262,0.284
20,2002,jerry_kelly,274.0,0.6714,36.16666666666666,0.6511,0.2933
21,2002,jim_furyk,271.8,0.7169,30.66666666666667,0.6478,0.2703
22,2002,john_cook,264.0,0.6792,35.5,0.5952000000000001,0.2982
23,2002,john_huston,281.6,0.6892,29.58333333333333,0.6238,0.3106
24,2002,john_rollins,279.3,0.6801,34.083333333333336,0.6179,0.3102
25,2002,jonathan_byrd,290.5,0.6434000000000001,34.583333333333336,0.5977,0.342
26,2002,josé_maría_olazábal,270.6,0.6093,35.833333333333336,0.6307,0.3074
27,2002,justin_leonard,278.7,0.6759000000000001,34.166666666666664,0.6229,0.3214
28,2002,k.j._choi,283.1,0.6552,32.083333333333336,0.5981000000000001,0.3223
29,2002,kenny_perry,286.4,0.7076,35.666666666666664,0.596,0.322
30,2002,kevin_sutherland,275.0,0.6799,33.583333333333336,0.5917,0.2565
31,2002,kirk_triplett,275.0,0.6609999999999999,31.83333333333333,0.6162,0.3195
32,2002,lee_janzen,283.7,0.6823999999999999,31.83333333333333,0.5550999999999999,0.3185
33,2002,len_mattiace,276.9,0.6574,36.66666666666666,0.6470999999999999,0.2902
34,2002,loren_roberts,268.0,0.6823,33.75,0.6424,0.2864
35,2002,mark_o'meara,275.0,0.6416,32.833333333333336,0.6,0.2713
36,2002,miguel_angel_jiménez,274.4,0.625,37.0,0.5926,0.2834
37,2002,mike_weir,280.0,0.6951,35.333333333333336,0.5735,0.3115
38,2002,nick_price,272.7,0.6443000000000001,32.25,0.6548999999999999,0.3068
39,2002,pat_perez,280.5,0.6181,37.333333333333336,0.6171,0.3392
40,2002,peter_lonard,281.4,0.6809999999999999,33.583333333333336,0.6457999999999999,0.2968
41,2002,phil_mickelson,288.8,0.6765000000000001,34.583333333333336,0.6164000000000001,0.35840000000000005
42,2002,phil_tataurangi,288.6,0.6634,33.0,0.5835,0.3131
43,2002,retief_goosen,279.8,0.6889,33.75,0.6107,0.3274
44,2002,rich_beem,292.1,0.6684,35.416666666666664,0.5820000000000001,0.3149
45,2002,robert_allenby,286.7,0.6947,38.333333333333336,0.5949,0.3066
46,2002,rocco_mediate,277.3,0.6925,32.666666666666664,0.6107,0.3077
47,2002,scott_hoch,270.0,0.6507,33.666666666666664,0.6265,0.3018
48,2002,scott_mccarron,285.5,0.6678000000000001,36.583333333333336,0.5694,0.3206
49,2002,scott_verplank,268.5,0.6858,32.5,0.6098,0.3121
50,2002,sergio_garcia,290.5,0.6454000000000001,35.25,0.5794,0.3178
51,2002,shigeki_maruyama,280.0,0.6392,33.916666666666664,0.5992999999999999,0.3057
52,2002,steve_elkington,280.5,0.6267,38.0,0.6131,0.2776
53,2002,steve_lowery,280.5,0.6661,35.583333333333336,0.5769,0.3036
54,2002,stuart_appleby,289.0,0.6568,32.416666666666664,0.5845,0.3365
55,2002,tiger_woods,293.3,0.7395999999999999,34.083333333333336,0.6967,0.33490000000000003
56,2002,tim_clark,275.7,0.6643000000000001,31.0,0.6061,0.3152
57,2002,tom_byrum,270.5,0.6609,30.58333333333333,0.6596,0.2662
58,2002,tom_lehman,283.0,0.7034,31.75,0.562,0.24420000000000006
59,2002,vijay_singh,285.6,0.7062999999999999,32.416666666666664,0.6297999999999999,0.3168
60,2003,adam_scott,299.2,0.6208,32.833333333333336,0.5637,0.2879
61,2003,alex_cejka,284.4,0.6673,34.75,0.5743,0.2972
62,2003,ben_curtis,283.2,0.6446,36.25,0.5609000000000001,0.2662
63,2003,bernhard_langer,272.3,0.6233,33.583333333333336,0.5737,0.265
64,2003,bob_estes,279.3,0.6709,32.583333333333336,0.59,0.3045
65,2003,bob_tway,288.8,0.6973999999999999,35.0,0.5875,0.293
66,2003,brad_faxon,276.6,0.6265,36.5,0.6076,0.3015
67,2003,briny_baird,292.2,0.7217,32.666666666666664,0.5952000000000001,0.2939
68,2003,chad_campbell,294.6,0.7179000000000001,31.41666666666667,0.5483,0.306
69,2003,charles_howell_iii,294.6,0.6787000000000001,35.75,0.597,0.2974
70,2003,chris_dimarco,281.0,0.6708,35.166666666666664,0.5808,0.3375
71,2003,chris_riley,279.3,0.6154,33.5,0.6565000000000001,0.3186
72,2003,craig_perks,290.7,0.6315,35.166666666666664,0.5687,0.298
73,2003,darren_clarke,304.9,0.6368,34.166666666666664,0.5439,0.329
74,2003,david_toms,288.8,0.6797,34.416666666666664,0.6039,0.3016
75,2003,davis_love_iii,299.2,0.6845,33.583333333333336,0.5959,0.3264
76,2003,ernie_els,303.3,0.6851999999999999,35.0,0.6029,0.3053
77,2003,fred_couples,293.4,0.6401,34.083333333333336,0.5645,0.3355
78,2003,fred_funk,274.1,0.6723,32.333333333333336,0.6065,0.2804
79,2003,j.l._lewis,289.7,0.6592,34.833333333333336,0.5478999999999999,0.2953
80,2003,jay_haas,279.2,0.6439,35.166666666666664,0.6184000000000001,0.3066
81,2003,jeff_maggert,278.2,0.6523,34.166666666666664,0.5720000000000001,0.3017
82,2003,jeff_sluman,280.6,0.6875,32.5,0.6325,0.28850000000000003
83,2003,jerry_kelly,283.5,0.6823,36.833333333333336,0.6146,0.3098
84,2003,john_daly,314.3,0.6384000000000001,37.5,0.4972,0.3111
85,2003,john_rollins,283.6,0.6184000000000001,34.916666666666664,0.5702,0.3319
86,2003,jonathan_byrd,295.3,0.6375,36.66666666666666,0.5811999999999999,0.3244
87,2003,jonathan_kaye,295.9,0.6748999999999999,33.75,0.5864,0.2959
88,2003,justin_leonard,279.1,0.6504000000000001,33.666666666666664,0.6081,0.33030000000000004
89,2003,k.j._choi,294.7,0.6667000000000001,35.166666666666664,0.5753,0.2933
90,2003,kenny_perry,295.1,0.6881,32.833333333333336,0.6178,0.2932
91,2003,kirk_triplett,281.8,0.6890999999999999,32.916666666666664,0.6245,0.3022
92,2003,len_mattiace,278.7,0.6147,36.66666666666666,0.5922,0.2749
93,2003,mark_o'meara,277.5,0.6069,33.75,0.5203,0.2802
94,2003,mike_weir,289.2,0.6585,34.916666666666664,0.6247,0.32659999999999995
95,2003,nick_price,280.1,0.6317,33.416666666666664,0.6204,0.2963
96,2003,peter_lonard,292.8,0.6426000000000001,34.5,0.5579,0.2923
97,2003,phil_mickelson,306.0,0.6484000000000001,36.91666666666666,0.5579999999999999,0.342
98,2003,retief_goosen,299.4,0.6979000000000001,33.416666666666664,0.5805,0.32880000000000004
99,2003,rich_beem,293.6,0.632,36.083333333333336,0.5235,0.297
100,2003,robert_allenby,294.8,0.6931,34.166666666666664,0.595,0.3223
101,2003,rocco_mediate,280.5,0.6731999999999999,34.166666666666664,0.5615,0.2891
102,2003,scott_verplank,275.5,0.6742,32.166666666666664,0.6057,0.3262
103,2003,sergio_garcia,300.9,0.6607999999999999,33.0,0.523,0.29460000000000003
104,2003,shaun_micheel,288.9,0.6879000000000001,34.583333333333336,0.5700999999999999,0.2868
105,2003,shigeki_maruyama,278.9,0.649,34.666666666666664,0.6015,0.2872
106,2003,steve_flesch,285.7,0.6635,34.333333333333336,0.6043999999999999,0.3204
107,2003,stewart_cink,288.0,0.6522,31.83333333333333,0.6325999999999999,0.3296
108,2003,stuart_appleby,294.4,0.6536,33.916666666666664,0.617,0.3243
109,2003,tiger_woods,299.5,0.6862999999999999,34.333333333333336,0.6015999999999999,0.3505
110,2003,tim_clark,273.3,0.6501,30.41666666666667,0.5772999999999999,0.2881
111,2003,tim_herron,290.9,0.6581999999999999,35.25,0.6158,0.3279
112,2003,tim_petrovic,284.2,0.6559,34.0,0.6097,0.3146
113,2003,vijay_singh,301.9,0.6947,33.0,0.6486,0.3521
114,2004,adam_scott,295.4,0.6559999999999999,35.333333333333336,0.5652,0.329
115,2004,ben_curtis,282.1,0.6335000000000001,37.333333333333336,0.5802,0.2513
116,2004,bernhard_langer,282.2,0.6525,34.416666666666664,0.6192,0.2768
117,2004,bo_van_pelt,294.4,0.6768000000000001,36.333333333333336,0.5835,0.3136
118,2004,carlos_franco,290.6,0.6846,36.083333333333336,0.6103000000000001,0.2838
119,2004,chad_campbell,288.0,0.6774,34.166666666666664,0.5889,0.2615
120,2004,charles_howell_iii,288.5,0.6606000000000001,37.41666666666666,0.5981000000000001,0.2671
121,2004,chris_dimarco,277.3,0.6706,35.5,0.6127,0.2954
122,2004,chris_riley,277.3,0.6246,36.333333333333336,0.602,0.2768
123,2004,craig_parry,276.9,0.6067,37.333333333333336,0.5847,0.2619
124,2004,darren_clarke,289.0,0.64,38.41666666666666,0.6013000000000001,0.3212
125,2004,david_toms,285.3,0.6847,32.0,0.5667,0.3095
126,2004,davis_love_iii,300.1,0.6422,37.333333333333336,0.6149,0.30820000000000003
127,2004,ernie_els,298.0,0.6561,35.416666666666664,0.6406999999999999,0.3333
128,2004,fred_couples,294.5,0.6635,36.25,0.5206000000000001,0.30260000000000004
129,2004,fred_funk,271.9,0.6551,31.16666666666667,0.6124,0.2843
130,2004,freddie_jacobson,287.9,0.6437999999999999,36.833333333333336,0.5965,0.3279
131,2004,jay_haas,274.5,0.6695,33.916666666666664,0.634,0.2816
132,2004,jeff_maggert,281.2,0.675,34.0,0.5670000000000001,0.2847
133,2004,jerry_kelly,278.1,0.6799,34.083333333333336,0.6274000000000001,0.2958
134,2004,jesper_parnevik,287.9,0.6609,38.083333333333336,0.6419,0.3059
135,2004,joe_ogilvie,288.8,0.6307,35.916666666666664,0.6062,0.3181
136,2004,john_daly,306.0,0.6639,36.66666666666666,0.5523,0.3333
137,2004,jonathan_kaye,290.9,0.6652,37.0,0.5633,0.2775
138,2004,josé_maría_olazábal,277.7,0.625,35.666666666666664,0.6382,0.28350000000000003
139,2004,justin_leonard,282.9,0.6607999999999999,33.5,0.6185,0.2792
140,2004,k.j._choi,285.0,0.6585,33.583333333333336,0.5794,0.29350000000000004
141,2004,kenny_perry,295.9,0.6864,34.5,0.5431,0.3074
142,2004,kirk_triplett,279.1,0.6766,33.75,0.636,0.2983
143,2004,luke_donald,279.8,0.6937000000000001,35.833333333333336,0.5995,0.2656
144,2004,mark_hensby,284.6,0.6325999999999999,35.666666666666664,0.5919,0.3153
145,2004,mark_o'meara,272.9,0.6245,35.666666666666664,0.6173,0.2837
146,2004,mike_weir,282.1,0.6514,35.416666666666664,0.5917,0.3126
147,2004,nick_price,272.8,0.5911,34.75,0.6223,0.2922
148,2004,peter_lonard,291.4,0.6288,36.41666666666666,0.5760000000000001,0.2386
149,2004,phil_mickelson,295.4,0.6955,35.5,0.6467,0.3286
150,2004,retief_goosen,294.2,0.6869,34.583333333333336,0.6613,0.3201
151,2004,rich_beem,296.7,0.6371,36.91666666666666,0.5328,0.2888
152,2004,robert_allenby,294.9,0.7033,34.416666666666664,0.5596,0.2837
153,2004,rod_pampling,292.1,0.6613,35.583333333333336,0.6073,0.308
154,2004,rory_sabbatini,292.2,0.6492,36.583333333333336,0.6317,0.2998
155,2004,ryan_palmer,295.6,0.655,36.333333333333336,0.5765,0.3152
156,2004,scott_verplank,278.0,0.685,33.083333333333336,0.6182,0.30920000000000003
157,2004,sergio_garcia,295.1,0.7082999999999999,34.916666666666664,0.5297999999999999,0.2948
158,2004,shaun_micheel,287.5,0.6697,36.25,0.5693,0.2745
159,2004,shigeki_maruyama,280.1,0.6455,35.083333333333336,0.6133,0.3124
160,2004,stephen_ames,287.9,0.6842,33.5,0.6019,0.30820000000000003
161,2004,steve_flesch,279.9,0.6577,36.5,0.575,0.3027
162,2004,stewart_cink,290.5,0.6638,35.25,0.644,0.3134
163,2004,stuart_appleby,293.2,0.6509999999999999,35.75,0.6102000000000001,0.3085
164,2004,ted_purdy,289.2,0.6736,34.583333333333336,0.5851,0.3047
165,2004,tiger_woods,301.9,0.669,35.166666666666664,0.6107,0.35450000000000004
166,2004,tim_clark,278.8,0.6581,30.75,0.6053999999999999,0.2988
167,2004,tim_herron,293.8,0.6513,35.916666666666664,0.5835,0.2696
168,2004,todd_hamilton,283.5,0.6269,36.833333333333336,0.5871,0.2768
169,2004,tom_lehman,287.2,0.7138,32.75,0.6118,0.30210000000000004
170,2004,vijay_singh,300.8,0.7303000000000001,34.0,0.6236,0.32659999999999995
171,2004,zach_johnson,285.6,0.6786,35.083333333333336,0.5929,0.3025
172,2005,adam_scott,300.1,0.6724,32.583333333333336,0.5536,0.2847
173,2005,arron_oberholser,283.5,0.6684,34.5,0.5931000000000001,0.2751
174,2005,bart_bryant,283.2,0.6893,34.833333333333336,0.5658,0.2994
175,2005,ben_crane,293.1,0.6239,36.41666666666666,0.6008,0.3354
176,2005,ben_curtis,280.0,0.6188,35.166666666666664,0.5359,0.2548
177,2005,bernhard_langer,289.1,0.6501,36.833333333333336,0.6019,0.2749
178,2005,billy_mayfair,288.2,0.6949,35.166666666666664,0.5943999999999999,0.2899
179,2005,brandt_jobe,302.3,0.6552,35.666666666666664,0.5657,0.3017
180,2005,carl_pettersson,291.7,0.6607999999999999,35.5,0.6147,0.2983
181,2005,chad_campbell,294.0,0.6854,34.083333333333336,0.5566,0.2851
182,2005,charles_howell_iii,293.6,0.6611,37.25,0.5902000000000001,0.2828
183,2005,chris_dimarco,281.0,0.6415000000000001,34.833333333333336,0.6115999999999999,0.2947
184,2005,david_toms,287.8,0.6739,33.75,0.5686,0.3197
185,2005,davis_love_iii,305.4,0.6681,36.083333333333336,0.5982,0.30260000000000004
186,2005,fred_couples,296.4,0.6829999999999999,33.083333333333336,0.5438000000000001,0.3018
187,2005,fred_funk,270.0,0.6617000000000001,32.75,0.6228,0.2496
188,2005,geoff_ogilvy,298.0,0.6667000000000001,34.75,0.5806,0.3169
189,2005,jason_bohn,292.9,0.6606000000000001,34.833333333333336,0.5899,0.2878
190,2005,jim_furyk,280.0,0.6977,32.5,0.6344,0.2981
191,2005,joe_ogilvie,284.9,0.619,36.25,0.5847,0.33240000000000003
192,2005,john_daly,310.1,0.6279,38.333333333333336,0.5206000000000001,0.3119
193,2005,josé_maría_olazábal,288.2,0.6541,35.083333333333336,0.6303,0.2974
194,2005,justin_leonard,285.2,0.6533,34.25,0.5919,0.2928
195,2005,k.j._choi,288.8,0.6416,34.75,0.5817,0.2871
196,2005,larry_mize,275.7,0.6222,37.75,0.5882000000000001,0.27140000000000003
197,2005,lee_westwood,296.8,0.6389,36.25,0.5353,0.28
198,2005,lucas_glover,302.2,0.6751,37.0,0.5626,0.2953
199,2005,luke_donald,284.5,0.6843,32.333333333333336,0.6012,0.2663
200,2005,mark_calcavecchia,289.3,0.6586,34.666666666666664,0.5732,0.3099
201,2005,mark_hensby,290.4,0.6291,37.833333333333336,0.5088,0.3147
202,2005,mark_o'meara,277.1,0.5976,36.91666666666666,0.6067,0.2655
203,2005,mike_weir,281.3,0.6195,36.5,0.5841,0.2717
204,2005,olin_browne,278.9,0.6912,31.58333333333333,0.5909,0.2771
205,2005,padraig_harrington,293.9,0.6273,37.41666666666666,0.5435,0.2889
206,2005,peter_lonard,289.1,0.6429,35.083333333333336,0.5519,0.2838
207,2005,phil_mickelson,300.0,0.6689,38.0,0.6236,0.35700000000000004
208,2005,retief_goosen,295.4,0.674,35.583333333333336,0.5615,0.3085
209,2005,rich_beem,288.0,0.6335000000000001,36.41666666666666,0.5257000000000001,0.261
210,2005,robert_allenby,297.7,0.6948000000000001,35.166666666666664,0.5399,0.29460000000000003
211,2005,rocco_mediate,287.7,0.6545000000000001,34.666666666666664,0.6035,0.2774
212,2005,rod_pampling,295.9,0.6561,36.66666666666666,0.5596,0.3004
213,2005,rory_sabbatini,297.2,0.6097,34.833333333333336,0.5748,0.2994
214,2005,scott_verplank,281.2,0.6647,34.666666666666664,0.5722999999999999,0.3249
215,2005,sean_o'hair,300.1,0.6723,36.333333333333336,0.5771000000000001,0.2907
216,2005,sergio_garcia,303.5,0.7181000000000001,34.833333333333336,0.5942000000000001,0.2828
217,2005,shaun_micheel,288.4,0.6505,36.833333333333336,0.5493,0.2716
218,2005,shigeki_maruyama,288.8,0.6542,33.333333333333336,0.6098,0.2944
219,2005,stephen_ames,285.8,0.6203,35.416666666666664,0.6056,0.2849
220,2005,stewart_cink,285.5,0.6574,34.583333333333336,0.5946,0.29350000000000004
221,2005,stuart_appleby,300.6,0.6688,34.583333333333336,0.5932999999999999,0.28350000000000003
222,2005,ted_purdy,295.2,0.6507,35.75,0.5489,0.2913
223,2005,thomas_levet,287.2,0.6132,38.333333333333336,0.5149,0.25
224,2005,tiger_woods,316.1,0.6989,35.666666666666664,0.6209,0.3656
225,2005,tim_clark,283.8,0.6424,34.416666666666664,0.5821000000000001,0.329
226,2005,tim_herron,292.1,0.6526000000000001,36.333333333333336,0.6171,0.32270000000000004
227,2005,todd_hamilton,287.2,0.6368,35.333333333333336,0.5311,0.2856
228,2005,tom_lehman,285.9,0.6758,36.083333333333336,0.5678,0.2709
229,2005,vaughn_taylor,290.3,0.6566,34.916666666666664,0.5784,0.31420000000000003
230,2005,vijay_singh,301.1,0.7054,36.91666666666666,0.6419,0.3106
231,2005,zach_johnson,290.0,0.6667000000000001,35.25,0.5737,0.2979
232,2006,aaron_baddeley,288.3,0.5826,38.083333333333336,0.5937,0.3136
233,2006,adam_scott,301.1,0.6912,33.75,0.5794,0.3039
234,2006,arron_oberholser,285.0,0.6927,34.833333333333336,0.5767,0.292
235,2006,bart_bryant,282.2,0.6867,33.5,0.5546,0.2495
236,2006,ben_crane,285.8,0.6201,37.66666666666666,0.5649000000000001,0.32280000000000003
237,2006,ben_curtis,278.8,0.6525,34.75,0.5688,0.2636
238,2006,bernhard_langer,285.8,0.6566,36.91666666666666,0.591,0.2894
239,2006,billy_mayfair,282.3,0.6655,36.16666666666666,0.6042000000000001,0.2665
240,2006,brett_quigley,289.6,0.6783,36.333333333333336,0.6184000000000001,0.2904
241,2006,brett_wetterich,307.8,0.6781999999999999,34.666666666666664,0.5347,0.3223
242,2006,camilo_villegas,302.1,0.6529,35.416666666666664,0.5645,0.3055
243,2006,carl_pettersson,286.6,0.6231,36.5,0.5895,0.2962
244,2006,chad_campbell,290.9,0.6743000000000001,34.416666666666664,0.5784,0.2802
245,2006,charles_howell_iii,295.4,0.6589,38.75,0.5692,0.2623
246,2006,chris_dimarco,279.3,0.6645,32.916666666666664,0.5902000000000001,0.2922
247,2006,david_howell,289.1,0.6321,36.0,0.5368999999999999,0.32880000000000004
248,2006,david_toms,285.4,0.6618,33.916666666666664,0.5929,0.3143
249,2006,davis_love_iii,301.9,0.6659,35.166666666666664,0.5514,0.3153
250,2006,dean_wilson,282.9,0.6527,36.5,0.5937,0.2926
251,2006,ernie_els,295.1,0.6372,36.66666666666666,0.5932999999999999,0.30510000000000004
252,2006,fred_couples,301.5,0.6533,37.91666666666666,0.5513,0.2701
253,2006,fred_funk,272.8,0.6635,32.25,0.6006,0.271
254,2006,geoff_ogilvy,295.3,0.6294,37.0,0.5889,0.3144
255,2006,ian_poulter,287.9,0.6603,33.583333333333336,0.6038,0.28800000000000003
256,2006,j.j._henry,295.9,0.6816,36.0,0.5478000000000001,0.2812
257,2006,jeff_sluman,279.8,0.6524,33.833333333333336,0.5886,0.2954
258,2006,jerry_kelly,278.1,0.6711,34.833333333333336,0.6098,0.2846
259,2006,jim_furyk,281.9,0.7071,31.66666666666667,0.6466,0.3047
260,2006,joe_durant,289.1,0.6975,34.333333333333336,0.56,0.2867
261,2006,john_rollins,295.5,0.6612,36.25,0.5297,0.3073
262,2006,josé_maría_olazábal,287.2,0.6552,35.75,0.5778,0.2889
263,2006,justin_rose,291.4,0.6789000000000001,32.5,0.5829,0.3172
264,2006,k.j._choi,287.0,0.6812,35.583333333333336,0.589,0.2753
265,2006,larry_mize,278.3,0.6416,36.0,0.6049,0.2317
266,2006,lucas_glover,299.4,0.6733,35.5,0.5623,0.32020000000000004
267,2006,luke_donald,283.7,0.6605,34.666666666666664,0.6545000000000001,0.3029
268,2006,mark_calcavecchia,282.4,0.6207,36.16666666666666,0.5622,0.30510000000000004
269,2006,mark_o'meara,274.4,0.5943999999999999,39.66666666666666,0.589,0.2766
270,2006,mike_weir,281.2,0.6647,35.25,0.5867,0.3073
271,2006,padraig_harrington,294.7,0.6522,33.916666666666664,0.6038,0.3118
272,2006,paul_goydos,274.3,0.6528,34.5,0.6067,0.2698
273,2006,phil_mickelson,300.7,0.6828,34.666666666666664,0.5584,0.3566
274,2006,retief_goosen,297.6,0.6546,35.333333333333336,0.5737,0.30260000000000004
275,2006,rich_beem,295.6,0.662,35.583333333333336,0.5366,0.2925
276,2006,robert_allenby,293.9,0.6789000000000001,35.583333333333336,0.5618,0.3109
277,2006,rod_pampling,288.2,0.625,36.25,0.5820000000000001,0.3065
278,2006,rory_sabbatini,290.4,0.6452,34.333333333333336,0.5943,0.3018
279,2006,scott_verplank,276.1,0.6602,32.166666666666664,0.6255,0.299
280,2006,sergio_garcia,292.7,0.6747,35.583333333333336,0.528,0.3043
281,2006,shaun_micheel,288.4,0.6762,35.166666666666664,0.5627,0.2805
282,2006,stephen_ames,289.8,0.6648999999999999,34.5,0.5909,0.3041
283,2006,steve_stricker,285.3,0.6801,31.58333333333333,0.6555,0.3056
284,2006,stewart_cink,292.0,0.649,33.25,0.6061,0.3099
285,2006,stuart_appleby,289.7,0.6353,36.75,0.5918,0.3153
286,2006,tiger_woods,306.4,0.7415,31.58333333333333,0.6281,0.3526
287,2006,tim_clark,276.7,0.6596,32.0,0.5909,0.3066
288,2006,tim_herron,294.8,0.6262,35.833333333333336,0.5523,0.2717
289,2006,todd_hamilton,283.6,0.5687,38.0,0.5134000000000001,0.2738
290,2006,tom_pernice_jr.,283.9,0.6453,36.91666666666666,0.5858,0.317
291,2006,trevor_immelman,294.9,0.6906,34.083333333333336,0.6053999999999999,0.3006
292,2006,troy_matteson,298.7,0.6634,38.333333333333336,0.5768,0.2812
293,2006,vaughn_taylor,286.6,0.6408,35.166666666666664,0.5536,0.3426
294,2006,vijay_singh,293.7,0.6783,35.333333333333336,0.6028,0.3177
295,2006,zach_johnson,283.7,0.6686,34.083333333333336,0.5752,0.26940000000000003
296,2007,aaron_baddeley,291.9,0.6035,37.25,0.606,0.318
297,2007,adam_scott,300.9,0.6544,35.083333333333336,0.5201,0.3275
298,2007,anders_hansen,280.7,0.6285000000000001,35.5,0.5513,0.2426
299,2007,arron_oberholser,285.5,0.6225,34.916666666666664,0.5974,0.272
300,2007,ben_curtis,277.1,0.6056,38.083333333333336,0.5246,0.2549
301,2007,boo_weekley,296.6,0.6586,34.25,0.5688,0.2781
302,2007,brandt_snedeker,285.6,0.6457999999999999,33.75,0.6118,0.2765
303,2007,brett_wetterich,303.3,0.6628000000000001,34.916666666666664,0.4886,0.2925
304,2007,brian_bateman,291.6,0.6133,37.333333333333336,0.5803,0.2682
305,2007,bubba_watson,315.2,0.6548999999999999,35.916666666666664,0.5654,0.3128
306,2007,camilo_villegas,298.3,0.6572,35.166666666666664,0.5731,0.2931
307,2007,charles_howell_iii,299.8,0.6336999999999999,37.5,0.5538000000000001,0.2732
308,2007,d.j._trahan,295.1,0.6695,35.416666666666664,0.5874,0.2615
309,2007,daniel_chopra,297.6,0.652,35.25,0.6039,0.2981
310,2007,david_toms,282.5,0.6378,34.333333333333336,0.5857,0.2843
311,2007,ernie_els,297.9,0.6466,34.083333333333336,0.6015999999999999,0.3046
312,2007,geoff_ogilvy,295.3,0.6275,34.416666666666664,0.5660000000000001,0.3114
313,2007,heath_slocum,279.6,0.6645,31.91666666666667,0.6148,0.28800000000000003
314,2007,henrik_stenson,296.3,0.6123,36.333333333333336,0.5327000000000001,0.2722
315,2007,hunter_mahan,296.7,0.6690999999999999,35.0,0.5479999999999999,0.28550000000000003
316,2007,ian_poulter,282.5,0.6167,35.833333333333336,0.5942000000000001,0.2726
317,2007,j.b._holmes,312.6,0.6456999999999999,38.25,0.5182,0.3138
318,2007,jerry_kelly,281.0,0.6483,34.25,0.5814,0.2722
319,2007,jim_furyk,279.7,0.6944,32.333333333333336,0.6053000000000001,0.2783
320,2007,john_rollins,290.4,0.6364,36.25,0.59,0.2801
321,2007,john_senden,294.2,0.7033,35.666666666666664,0.5656,0.26890000000000003
322,2007,johnson_wagner,285.5,0.6775,36.833333333333336,0.5311,0.2716
323,2007,jonathan_byrd,292.0,0.6355,36.083333333333336,0.5846,0.3345
324,2007,josé_maría_olazábal,276.0,0.5433,39.66666666666666,0.5499,0.2725
325,2007,justin_leonard,282.7,0.648,33.75,0.5997,0.2661
326,2007,justin_rose,288.7,0.6573,34.5,0.5989,0.3141
327,2007,k.j._choi,284.1,0.6529,38.25,0.6234000000000001,0.2861
328,2007,luke_donald,278.4,0.6318,34.666666666666664,0.5743,0.28550000000000003
329,2007,mark_calcavecchia,290.2,0.6411,34.5,0.5635,0.3275
330,2007,mike_weir,289.3,0.6303,36.833333333333336,0.5844,0.282
331,2007,nick_o'hern,279.3,0.6021,36.25,0.5626,0.25920000000000004
332,2007,nick_watney,301.4,0.6648000000000001,36.75,0.5771000000000001,0.2854
333,2007,padraig_harrington,293.2,0.603,35.583333333333336,0.6163000000000001,0.3135
334,2007,peter_lonard,290.9,0.6461,36.083333333333336,0.5988,0.26940000000000003
335,2007,phil_mickelson,298.1,0.6495000000000001,36.25,0.5915,0.316
336,2007,retief_goosen,292.9,0.5891,37.333333333333336,0.5437,0.26280000000000003
337,2007,robert_allenby,299.6,0.6829000000000001,34.416666666666664,0.5335,0.2916
338,2007,rory_sabbatini,289.9,0.616,36.5,0.6392,0.3154
339,2007,scott_verplank,279.6,0.6433,34.25,0.6114999999999999,0.2709
340,2007,sean_o'hair,296.8,0.6712,35.166666666666664,0.6017,0.2898
341,2007,sergio_garcia,294.2,0.6456000000000001,35.25,0.5796,0.3016
342,2007,shaun_micheel,284.4,0.6604000000000001,34.583333333333336,0.5725,0.2612
343,2007,stephen_ames,282.2,0.6494,34.333333333333336,0.5849,0.2649
344,2007,steve_flesch,287.5,0.6583,34.833333333333336,0.5805,0.2712
345,2007,steve_lowery,292.0,0.6629,35.416666666666664,0.5611999999999999,0.2969
346,2007,steve_stricker,283.7,0.6583,32.666666666666664,0.6098,0.2974
347,2007,stewart_cink,294.7,0.6616,35.083333333333336,0.569,0.2887
348,2007,stuart_appleby,290.9,0.6157,35.916666666666664,0.5842,0.27390000000000003
349,2007,tiger_woods,302.4,0.7101999999999999,32.166666666666664,0.6102000000000001,0.31980000000000003
350,2007,tim_clark,278.1,0.6137,31.91666666666667,0.636,0.3016
351,2007,todd_hamilton,288.7,0.5694,36.583333333333336,0.5075999999999999,0.2439
352,2007,trevor_immelman,286.6,0.6552,35.25,0.5616,0.2419
353,2007,vaughn_taylor,283.6,0.6418,33.25,0.5437,0.3144
354,2007,vijay_singh,293.8,0.6622,35.666666666666664,0.5888,0.3008
355,2007,woody_austin,286.1,0.655,34.833333333333336,0.6085,0.2892
356,2007,zach_johnson,280.4,0.6444,35.166666666666664,0.6042000000000001,0.2681
357,2008,aaron_baddeley,290.3,0.6202000000000001,38.16666666666666,0.5852,0.3059
358,2008,adam_scott,302.1,0.6372,36.083333333333336,0.5344,0.303
359,2008,andres_romero,299.1,0.5879,35.666666666666664,0.5775,0.2936
360,2008,anthony_kim,300.9,0.6578,35.583333333333336,0.5932,0.3009
361,2008,ben_curtis,284.7,0.6345000000000001,34.416666666666664,0.5920000000000001,0.2621
362,2008,billy_mayfair,284.0,0.6812,35.5,0.6007,0.2468
363,2008,boo_weekley,291.7,0.6787000000000001,34.666666666666664,0.5708,0.2751
364,2008,brandt_snedeker,280.8,0.6335999999999999,35.166666666666664,0.5722,0.2772
365,2008,briny_baird,285.2,0.7,33.5,0.6243,0.2525
366,2008,bubba_watson,315.1,0.6759999999999999,35.416666666666664,0.5468999999999999,0.2883
367,2008,camilo_villegas,293.3,0.6459999999999999,34.916666666666664,0.5352,0.3186
368,2008,carl_pettersson,286.0,0.6354,35.5,0.59,0.29
369,2008,chad_campbell,289.9,0.6844,32.666666666666664,0.5468,0.2958
370,2008,chez_reavie,281.8,0.6661,33.083333333333336,0.5891,0.2605
371,2008,d.j._trahan,291.3,0.6625,34.666666666666664,0.5569,0.2844
372,2008,dudley_hart,275.5,0.6611,36.25,0.6112,0.2845
373,2008,dustin_johnson,309.7,0.6371,37.333333333333336,0.5158,0.2959
374,2008,ernie_els,291.6,0.6133,33.25,0.5661,0.2782
375,2008,fred_couples,299.6,0.6546,35.25,0.5818,0.2926
376,2008,geoff_ogilvy,292.1,0.6189,33.833333333333336,0.5991,0.25980000000000003
377,2008,hunter_mahan,289.9,0.6960999999999999,34.416666666666664,0.5355,0.2726
378,2008,ian_poulter,283.6,0.5975,35.833333333333336,0.5634,0.261
379,2008,jim_furyk,280.4,0.6678000000000001,34.333333333333336,0.6032,0.2693
380,2008,john_merrick,299.0,0.6772,35.916666666666664,0.5449,0.2687
381,2008,justin_leonard,281.4,0.6661,32.666666666666664,0.6007,0.2917
382,2008,k.j._choi,286.1,0.6548,36.333333333333336,0.5724,0.2776
383,2008,ken_duke,284.9,0.648,35.583333333333336,0.5782,0.3047
384,2008,kenny_perry,296.0,0.6747,33.5,0.5757,0.2981
385,2008,kevin_sutherland,291.0,0.682,36.25,0.6043,0.28
386,2008,mathew_goggin,295.9,0.6758,37.583333333333336,0.58,0.2755
387,2008,mike_weir,284.8,0.6462,34.166666666666664,0.6227,0.2844
388,2008,nick_watney,302.9,0.6823,37.75,0.5719,0.2894
389,2008,padraig_harrington,296.3,0.6067,34.916666666666664,0.6102000000000001,0.3248
390,2008,pat_perez,294.2,0.6690999999999999,35.5,0.562,0.2983
391,2008,paul_casey,299.2,0.6570999999999999,34.25,0.5202,0.2752
392,2008,phil_mickelson,295.7,0.6581,36.083333333333336,0.6042000000000001,0.31420000000000003
393,2008,retief_goosen,287.1,0.5939,35.5,0.5802,0.273
394,2008,robert_allenby,291.7,0.7040000000000001,34.75,0.5526,0.2776
395,2008,rocco_mediate,278.6,0.6258,35.333333333333336,0.5683,0.2607
396,2008,rory_sabbatini,292.0,0.6607999999999999,34.833333333333336,0.5625,0.3004
397,2008,ryuji_imada,278.6,0.6139,36.66666666666666,0.6007,0.2937
398,2008,sean_o'hair,291.1,0.6446999999999999,34.416666666666664,0.5579,0.2551
399,2008,sergio_garcia,294.6,0.6706,35.416666666666664,0.5759000000000001,0.2811
400,2008,stephen_ames,283.8,0.6504000000000001,32.75,0.5871999999999999,0.278
401,2008,steve_flesch,281.9,0.6462,34.083333333333336,0.5934,0.2844
402,2008,steve_stricker,283.6,0.6381,35.0,0.6183,0.26890000000000003
403,2008,stewart_cink,296.9,0.6694,35.166666666666664,0.556,0.3015
404,2008,stuart_appleby,290.9,0.619,36.0,0.6024,0.2955
405,2008,tim_clark,281.1,0.6361,32.166666666666664,0.5832,0.2979
406,2008,todd_hamilton,284.0,0.6297999999999999,36.0,0.5383,0.2639
407,2008,trevor_immelman,291.3,0.6307,34.416666666666664,0.5288,0.2477
408,2008,vijay_singh,297.8,0.6845,34.25,0.5892000000000001,0.2884
409,2008,y.e._yang,286.9,0.6596,34.75,0.5572,0.2764
410,2008,zach_johnson,275.1,0.6759000000000001,33.583333333333336,0.5714,0.2637
411,2008,ángel_cabrera,300.2,0.6264,37.25,0.5306000000000001,0.2805
412,2009,adam_scott,294.9,0.6282,35.833333333333336,0.5316,0.2777
413,2009,anthony_kim,299.0,0.6269,36.66666666666666,0.5714,0.3577
414,2009,ben_crane,285.0,0.6487,34.416666666666664,0.6207,0.30210000000000004
415,2009,ben_curtis,279.5,0.6425,38.333333333333336,0.5865,0.264
416,2009,bill_haas,298.3,0.6737000000000001,36.25,0.5949,0.301
417,2009,brian_gay,268.5,0.6244,32.833333333333336,0.6479,0.2988
418,2009,camilo_villegas,293.0,0.6667000000000001,35.583333333333336,0.5685,0.3
419,2009,chad_campbell,291.0,0.6919,33.25,0.5975,0.2849
420,2009,david_duval,292.7,0.6091,37.0,0.4898,0.2958
421,2009,david_toms,284.2,0.6831999999999999,32.25,0.6119,0.2914
422,2009,dustin_johnson,308.3,0.6607,35.083333333333336,0.5595,0.328
423,2009,ernie_els,291.2,0.6607999999999999,34.5,0.6004999999999999,0.2857
424,2009,fred_couples,297.5,0.6708,33.583333333333336,0.525,0.32
425,2009,geoff_ogilvy,291.5,0.6426999999999999,36.25,0.5982999999999999,0.3169
426,2009,heath_slocum,287.0,0.6758,32.25,0.5838,0.2695
427,2009,hunter_mahan,297.0,0.6836,34.583333333333336,0.5802,0.32420000000000004
428,2009,ian_poulter,282.8,0.6101,35.25,0.6514,0.292
429,2009,jason_dufner,286.2,0.6693000000000001,34.25,0.6074,0.2998
430,2009,jerry_kelly,284.7,0.6463,34.75,0.613,0.312
431,2009,jim_furyk,279.9,0.6553,32.666666666666664,0.6408,0.3005
432,2009,john_merrick,296.9,0.6493000000000001,35.0,0.5458,0.294
433,2009,john_rollins,296.5,0.642,38.833333333333336,0.5820000000000001,0.29710000000000003
434,2009,john_senden,294.2,0.7089,34.5,0.5687,0.27940000000000004
435,2009,justin_leonard,283.5,0.6703,32.916666666666664,0.5981000000000001,0.3127
436,2009,k.j._choi,280.1,0.6606000000000001,35.166666666666664,0.5600999999999999,0.2602
437,2009,kenny_perry,293.1,0.6734,33.75,0.6318,0.3006
438,2009,kevin_na,282.7,0.6424,34.416666666666664,0.6481999999999999,0.3127
439,2009,lucas_glover,297.4,0.6565000000000001,34.5,0.5809000000000001,0.3169
440,2009,luke_donald,275.7,0.6301,34.166666666666664,0.6285000000000001,0.3113
441,2009,marc_leishman,298.6,0.6718000000000001,35.333333333333336,0.5739,0.2984
442,2009,matt_kuchar,283.2,0.6423000000000001,34.166666666666664,0.6591,0.3147
443,2009,mike_weir,279.3,0.6303,33.333333333333336,0.6315,0.3088
444,2009,nathan_green,283.5,0.6289,38.0,0.6153,0.2847
445,2009,nick_watney,305.3,0.6609,36.083333333333336,0.5867,0.3176
446,2009,padraig_harrington,285.8,0.612,36.0,0.6365999999999999,0.2937
447,2009,phil_mickelson,300.1,0.6429,37.25,0.5753,0.3274
448,2009,retief_goosen,292.3,0.6233,34.833333333333336,0.598,0.2938
449,2009,ricky_barnes,292.6,0.6817,35.25,0.5178,0.249
450,2009,robert_allenby,293.1,0.6809999999999999,33.666666666666664,0.6045,0.248
451,2009,rory_sabbatini,293.2,0.6556000000000001,36.0,0.5685,0.3061
452,2009,ryan_moore,295.9,0.6614,36.583333333333336,0.612,0.3086
453,2009,ryan_palmer,297.1,0.6537999999999999,36.66666666666666,0.5617,0.29410000000000003
454,2009,scott_verplank,281.1,0.67,34.333333333333336,0.5932,0.297
455,2009,sean_o'hair,293.3,0.6784,34.583333333333336,0.575,0.3085
456,2009,sergio_garcia,298.5,0.6561,33.333333333333336,0.5794,0.2847
457,2009,steve_flesch,284.4,0.6667000000000001,34.833333333333336,0.6082,0.2646
458,2009,steve_marino,295.7,0.6826000000000001,34.916666666666664,0.5996,0.2937
459,2009,steve_stricker,286.1,0.6667000000000001,32.416666666666664,0.6646,0.32170000000000004
460,2009,stewart_cink,294.7,0.6347,35.416666666666664,0.575,0.2723
461,2009,tiger_woods,298.4,0.6846,34.583333333333336,0.6818000000000001,0.3325
462,2009,tim_clark,280.1,0.6695,30.41666666666667,0.6293,0.3188
463,2009,todd_hamilton,284.8,0.6365,35.0,0.5774,0.2683
464,2009,vijay_singh,293.9,0.6618,34.583333333333336,0.5571,0.2759
465,2009,y.e._yang,291.3,0.6617000000000001,34.583333333333336,0.5842,0.3053
466,2009,zach_johnson,281.2,0.6781,32.666666666666664,0.621,0.3003
467,2009,ángel_cabrera,304.1,0.6235,34.833333333333336,0.5738,0.3086
468,2010,aaron_baddeley,298.9,0.6459999999999999,37.75,0.5710000000000001,0.3165
469,2010,adam_scott,294.4,0.6960999999999999,34.083333333333336,0.5403,0.2952
470,2010,alex_cejka,277.4,0.6659999999999999,33.25,0.5642,0.2641
471,2010,ben_crane,282.3,0.6822,33.25,0.5906,0.2994
472,2010,bill_haas,293.3,0.6992,34.416666666666664,0.5796,0.2921
473,2010,bo_van_pelt,292.0,0.6923,34.833333333333336,0.6233,0.304
474,2010,brandt_snedeker,277.1,0.6236,33.833333333333336,0.6119,0.3273
475,2010,bubba_watson,309.8,0.6854,35.916666666666664,0.555,0.32030000000000003
476,2010,camilo_villegas,289.6,0.6605,34.583333333333336,0.575,0.2901
477,2010,carl_pettersson,282.1,0.638,34.25,0.6206,0.2982
478,2010,charley_hoffman,298.2,0.6653,34.583333333333336,0.606,0.3293
479,2010,d.a._points,283.0,0.679,35.416666666666664,0.5865,0.2701
480,2010,david_toms,281.3,0.6758,32.666666666666664,0.6129,0.3017
481,2010,davis_love_iii,297.7,0.7025,33.333333333333336,0.5437,0.2729
482,2010,dustin_johnson,308.5,0.6795,36.25,0.5581,0.3257
483,2010,ernie_els,288.4,0.6786,36.16666666666666,0.6123,0.29510000000000003
484,2010,geoff_ogilvy,287.0,0.6769,33.666666666666664,0.5616,0.3146
485,2010,heath_slocum,278.9,0.6959000000000001,32.75,0.6286999999999999,0.2661
486,2010,hunter_mahan,291.8,0.6865000000000001,35.75,0.5865,0.2831
487,2010,ian_poulter,286.8,0.6247,37.333333333333336,0.5982,0.2613
488,2010,jason_bohn,279.8,0.6779000000000001,33.75,0.5749,0.2903
489,2010,jason_day,298.2,0.6768000000000001,36.833333333333336,0.6038,0.2889
490,2010,jeff_overton,297.3,0.6686,35.416666666666664,0.568,0.3085
491,2010,jerry_kelly,279.0,0.6748999999999999,34.5,0.5791,0.2687
492,2010,jim_furyk,276.0,0.6712,33.75,0.6347,0.2833
493,2010,jonathan_byrd,290.9,0.7,34.5,0.6165999999999999,0.2806
494,2010,justin_rose,287.8,0.6631,33.75,0.6385000000000001,0.3075
495,2010,k.j._choi,283.1,0.6851999999999999,32.333333333333336,0.6267,0.2893
496,2010,kevin_na,278.6,0.6589,34.083333333333336,0.6445000000000001,0.3031
497,2010,kevin_streelman,290.3,0.6667000000000001,34.583333333333336,0.5659000000000001,0.3136
498,2010,lucas_glover,295.7,0.6742,35.5,0.5415,0.301
499,2010,luke_donald,277.0,0.6528,33.5,0.6541,0.2854
500,2010,mark_wilson,280.6,0.7028,36.16666666666666,0.6215999999999999,0.25170000000000003
501,2010,martin_laird,296.5,0.6783,35.083333333333336,0.5731,0.2892
502,2010,matt_kuchar,286.9,0.6936,34.75,0.6469,0.3122
503,2010,mike_weir,273.9,0.5789,35.416666666666664,0.588,0.2847
504,2010,nick_watney,296.5,0.6962999999999999,34.333333333333336,0.5550999999999999,0.3157
505,2010,padraig_harrington,292.1,0.619,34.75,0.612,0.2965
506,2010,paul_casey,294.2,0.6868000000000001,34.583333333333336,0.6086,0.3138
507,2010,phil_mickelson,299.1,0.6513,33.833333333333336,0.6184000000000001,0.3281
508,2010,retief_goosen,291.4,0.6596,35.083333333333336,0.6391,0.2969
509,2010,rickie_fowler,292.7,0.6990000000000001,32.75,0.5951,0.2809
510,2010,ricky_barnes,285.5,0.6823,34.333333333333336,0.5959,0.2884
511,2010,robert_allenby,289.1,0.6817,35.583333333333336,0.5637,0.29460000000000003
512,2010,rory_mcilroy,300.0,0.6624,35.5,0.6013000000000001,0.2876
513,2010,rory_sabbatini,289.1,0.6674,36.41666666666666,0.5648,0.32130000000000003
514,2010,ryan_moore,289.7,0.6667000000000001,34.75,0.6076,0.2992
515,2010,ryan_palmer,295.8,0.6548,34.916666666666664,0.5556,0.3219
516,2010,sean_o'hair,289.3,0.6822,35.25,0.6183,0.2677
517,2010,sergio_garcia,292.7,0.6613,34.75,0.5457,0.282
518,2010,steve_marino,290.6,0.6748999999999999,36.16666666666666,0.5633,0.3031
519,2010,steve_stricker,282.9,0.6829000000000001,32.5,0.6375,0.308
520,2010,stewart_cink,292.4,0.6861,35.5,0.5708,0.2937
521,2010,stuart_appleby,289.0,0.6184000000000001,35.75,0.5882000000000001,0.2861
522,2010,tim_clark,272.2,0.6673,30.25,0.6267,0.2839
523,2010,trevor_immelman,286.4,0.6606000000000001,34.333333333333336,0.5952000000000001,0.2454
524,2010,vijay_singh,292.3,0.6862,34.0,0.5646,0.2876
525,2010,y.e._yang,288.6,0.6595,34.5,0.5618,0.3024
526,2010,zach_johnson,279.7,0.6654000000000001,34.416666666666664,0.5766,0.3058
527,2010,ángel_cabrera,304.5,0.6578,37.91666666666666,0.5515,0.2886
528,2011,aaron_baddeley,296.2,0.6548,37.41666666666666,0.5943999999999999,0.3299
529,2011,adam_scott,299.7,0.6808,35.75,0.59,0.3083
530,2011,ben_crane,284.9,0.6636,35.416666666666664,0.6131,0.2824
531,2011,bill_haas,296.6,0.6944,37.083333333333336,0.583,0.2906
532,2011,bo_van_pelt,297.4,0.6801999999999999,35.583333333333336,0.5869,0.2945
533,2011,brandt_snedeker,287.2,0.649,34.416666666666664,0.6145,0.32520000000000004
534,2011,brendan_steele,292.8,0.6545000000000001,34.5,0.5453,0.2952
535,2011,bubba_watson,314.9,0.6983,36.0,0.5082,0.3196
536,2011,charl_schwartzel,297.0,0.6597,37.583333333333336,0.5977,0.3006
537,2011,charles_howell_iii,297.3,0.6890999999999999,36.91666666666666,0.6392,0.2743
538,2011,chez_reavie,293.5,0.6859999999999999,33.583333333333336,0.55,0.3016
539,2011,david_toms,279.1,0.7020000000000001,32.583333333333336,0.6121,0.2965
540,2011,freddie_jacobson,287.4,0.6356,35.75,0.6062,0.3094
541,2011,gary_woodland,310.5,0.6940999999999999,35.5,0.5820000000000001,0.3103
542,2011,geoff_ogilvy,290.0,0.6263000000000001,34.333333333333336,0.5968,0.32530000000000003
543,2011,graeme_mcdowell,289.5,0.6607999999999999,34.833333333333336,0.5401,0.2957
544,2011,harrison_frazar,301.8,0.6245,35.25,0.5408,0.2873
545,2011,hunter_mahan,291.6,0.6879000000000001,36.833333333333336,0.58,0.3236
546,2011,ian_poulter,282.8,0.6557999999999999,33.916666666666664,0.5633,0.2912
547,2011,jason_day,302.6,0.6492,37.833333333333336,0.6464,0.338
548,2011,jason_dufner,286.8,0.6695,32.666666666666664,0.5861999999999999,0.2953
549,2011,jim_furyk,281.4,0.6757,33.083333333333336,0.5837,0.2651
550,2011,john_senden,293.3,0.7086,35.416666666666664,0.5477000000000001,0.2861
551,2011,johnson_wagner,282.2,0.6717,36.25,0.578,0.2634
552,2011,jonathan_byrd,291.6,0.6565000000000001,35.75,0.5720000000000001,0.295
553,2011,justin_rose,290.6,0.6948000000000001,35.5,0.5792,0.2917
554,2011,k.j._choi,285.6,0.6593000000000001,34.25,0.6087,0.2736
555,2011,keegan_bradley,300.7,0.659,35.583333333333336,0.5618,0.3032
556,2011,kevin_chappell,295.8,0.6489,34.666666666666664,0.5846,0.2879
557,2011,kevin_na,279.8,0.6103999999999999,36.083333333333336,0.635,0.3312
558,2011,kyle_stanley,304.6,0.6820999999999999,34.75,0.5417000000000001,0.3145
559,2011,lucas_glover,294.6,0.6592,34.5,0.5374,0.30670000000000003
560,2011,luke_donald,284.1,0.6733,32.833333333333336,0.6371,0.3411
561,2011,mark_wilson,284.8,0.6603,34.5,0.6297,0.2762
562,2011,martin_laird,303.0,0.6659,36.5,0.5908,0.3157
563,2011,matt_kuchar,286.2,0.6698000000000001,34.0,0.6291,0.3186
564,2011,nick_watney,301.9,0.6688,35.0,0.6296,0.3326
565,2011,padraig_harrington,294.7,0.6412,36.333333333333336,0.5984,0.2824
566,2011,phil_mickelson,299.8,0.6696,35.166666666666664,0.6201,0.3146
567,2011,rickie_fowler,299.5,0.6446999999999999,34.0,0.5502,0.3369
568,2011,robert_garrigus,313.4,0.6613,34.916666666666664,0.5356000000000001,0.3185
569,2011,robert_karlsson,299.2,0.6336999999999999,36.083333333333336,0.6041,0.3046
570,2011,rory_sabbatini,292.5,0.6584,35.25,0.5822999999999999,0.2899
571,2011,ryan_palmer,299.5,0.6375,37.5,0.5996,0.3053
572,2011,scott_stallings,303.7,0.6659999999999999,33.916666666666664,0.5352,0.2944
573,2011,sean_o'hair,294.6,0.6317,35.583333333333336,0.5474,0.2701
574,2011,sergio_garcia,299.2,0.6685,35.666666666666664,0.6015999999999999,0.2763
575,2011,steve_stricker,288.8,0.6602,33.75,0.6493000000000001,0.3533
576,2011,stewart_cink,291.8,0.6431,34.583333333333336,0.5708,0.29710000000000003
577,2011,trevor_immelman,288.5,0.6812,35.916666666666664,0.5809000000000001,0.2588
578,2011,vijay_singh,294.3,0.6646,34.083333333333336,0.5722999999999999,0.3072
579,2011,webb_simpson,296.2,0.6984,33.916666666666664,0.6222,0.3328
580,2011,y.e._yang,290.2,0.6252,34.25,0.6131,0.3012
581,2011,zach_johnson,278.2,0.6638,33.833333333333336,0.6397999999999999,0.2911
582,2011,ángel_cabrera,301.6,0.6389,36.66666666666666,0.5217,0.3251
583,2012,adam_scott,304.6,0.6657,35.583333333333336,0.5587,0.3045
584,2012,ben_curtis,274.8,0.6887000000000001,34.0,0.5846,0.2796
585,2012,bill_haas,292.2,0.6517000000000001,38.583333333333336,0.6074,0.2793
586,2012,bo_van_pelt,296.1,0.6707,33.833333333333336,0.5569,0.3246
587,2012,brandt_snedeker,288.7,0.6375,35.416666666666664,0.6208,0.3367
588,2012,brian_gay,277.7,0.6271,35.0,0.6437999999999999,0.2796
589,2012,bubba_watson,315.5,0.6995,36.0,0.5658,0.3088
590,2012,carl_pettersson,297.1,0.6389,35.166666666666664,0.6037,0.3147
591,2012,charl_schwartzel,295.8,0.6265,33.666666666666664,0.5895,0.3038
592,2012,d.a._points,284.0,0.6648000000000001,35.75,0.565,0.2887
593,2012,david_toms,275.5,0.6609,34.583333333333336,0.6186,0.282
594,2012,dustin_johnson,310.2,0.6575,33.916666666666664,0.6029,0.3109
595,2012,ernie_els,294.6,0.6652,35.666666666666664,0.6106,0.268
596,2012,freddie_jacobson,287.4,0.6185,35.666666666666664,0.5752,0.2759
597,2012,graeme_mcdowell,285.5,0.6626000000000001,33.083333333333336,0.5183,0.3126
598,2012,henrik_stenson,289.5,0.6537000000000001,39.333333333333336,0.5904,0.28800000000000003
599,2012,hunter_mahan,293.1,0.6897,35.416666666666664,0.5371,0.27140000000000003
600,2012,ian_poulter,285.0,0.6161,35.666666666666664,0.6434000000000001,0.2989
601,2012,jason_day,308.6,0.6131,36.833333333333336,0.6136,0.3218
602,2012,jason_dufner,292.4,0.6917,33.0,0.6242,0.314
603,2012,jim_furyk,280.0,0.6819,32.833333333333336,0.6383,0.2588
604,2012,john_huh,288.3,0.6644,36.41666666666666,0.5552,0.2947
605,2012,john_merrick,293.3,0.6912999999999999,35.25,0.5489999999999999,0.2831
606,2012,john_senden,291.0,0.6859000000000001,37.25,0.5737,0.2983
607,2012,justin_rose,290.9,0.7034,34.583333333333336,0.6198,0.2852
608,2012,k.j._choi,282.3,0.6357,35.916666666666664,0.5468,0.2747
609,2012,keegan_bradley,302.7,0.6654000000000001,35.166666666666664,0.5755,0.32130000000000003
610,2012,kevin_na,281.5,0.6203,36.16666666666666,0.613,0.2989
611,2012,kevin_streelman,292.8,0.6622,35.666666666666664,0.5821999999999999,0.278
612,2012,lee_westwood,298.1,0.6975,35.083333333333336,0.483,0.3083
613,2012,louis_oosthuizen,299.5,0.6878,34.833333333333336,0.5537,0.3012
614,2012,luke_donald,280.1,0.6496,34.666666666666664,0.6265999999999999,0.2917
615,2012,marc_leishman,289.4,0.6275999999999999,37.41666666666666,0.5826,0.2785
616,2012,martin_laird,298.2,0.653,38.833333333333336,0.5592,0.30920000000000003
617,2012,matt_kuchar,286.2,0.6537999999999999,34.25,0.6243,0.2953
618,2012,michael_thompson,283.4,0.6325999999999999,35.083333333333336,0.5539000000000001,0.2997
619,2012,nick_watney,296.8,0.6643000000000001,34.75,0.5511,0.3015
620,2012,padraig_harrington,293.6,0.6217,35.083333333333336,0.5967,0.3016
621,2012,phil_mickelson,294.4,0.6414,37.5,0.6157,0.3348
622,2012,rickie_fowler,293.2,0.6498999999999999,35.25,0.5679,0.2972
623,2012,robert_garrigus,310.3,0.6923,34.166666666666664,0.5558,0.3171
624,2012,rory_mcilroy,310.1,0.6636,33.083333333333336,0.6024,0.3468
625,2012,ryan_moore,287.6,0.6635,34.583333333333336,0.5677,0.3208
626,2012,ryo_ishikawa,290.0,0.5961,36.0,0.5444,0.2665
627,2012,scott_piercy,304.5,0.6573,35.416666666666664,0.599,0.322
628,2012,sergio_garcia,292.4,0.6498,36.75,0.5836,0.2956
629,2012,steve_stricker,285.4,0.6833,32.166666666666664,0.6015,0.3046
630,2012,stewart_cink,288.8,0.6426000000000001,36.833333333333336,0.529,0.2587
631,2012,"ted_potter,_jr.",284.5,0.6332,36.66666666666666,0.556,0.2708
632,2012,tiger_woods,297.4,0.6758,33.583333333333336,0.6317,0.3166
633,2012,tim_clark,276.7,0.6426000000000001,33.25,0.5803,0.2587
634,2012,trevor_immelman,290.9,0.6345000000000001,36.41666666666666,0.5660000000000001,0.2676
635,2012,vijay_singh,295.4,0.6622,34.916666666666664,0.593,0.2947
636,2012,webb_simpson,288.6,0.6747,35.333333333333336,0.5865,0.3272
637,2012,y.e._yang,284.9,0.5851,38.0,0.5767,0.3032
638,2012,zach_johnson,281.1,0.6495000000000001,35.083333333333336,0.6037,0.32
639,2012,ángel_cabrera,299.7,0.6333,36.91666666666666,0.4909000000000001,0.2684
640,2013,adam_scott,297.8,0.688,34.166666666666664,0.5638000000000001,0.2921
641,2013,bill_haas,288.2,0.6779000000000001,35.416666666666664,0.6201,0.2765
642,2013,billy_horschel,293.8,0.6748000000000001,35.25,0.5569,0.3185
643,2013,boo_weekley,290.9,0.6939,34.083333333333336,0.5535,0.2787
644,2013,brandt_snedeker,281.3,0.6568,33.166666666666664,0.6086,0.328
645,2013,brendon_de_jonge,286.3,0.6884,33.75,0.6256,0.2833
646,2013,bubba_watson,303.7,0.6940999999999999,35.25,0.5448,0.3041
647,2013,charl_schwartzel,296.1,0.6585,34.166666666666664,0.5502,0.3317
648,2013,chris_kirk,289.0,0.6592,32.916666666666664,0.6537999999999999,0.3235
649,2013,d.a._points,281.1,0.6277,35.416666666666664,0.5592,0.2977
650,2013,david_lynn,277.9,0.6248,35.416666666666664,0.6052000000000001,0.2693
651,2013,derek_ernst,291.5,0.6389,36.583333333333336,0.4934000000000001,0.26280000000000003
652,2013,dustin_johnson,305.8,0.6675,34.25,0.5322,0.3135
653,2013,ernie_els,289.6,0.6174000000000001,34.416666666666664,0.5808,0.284
654,2013,gary_woodland,303.8,0.6698000000000001,34.666666666666664,0.5458,0.3074
655,2013,graeme_mcdowell,277.5,0.627,33.583333333333336,0.6109,0.2627
656,2013,graham_delaet,298.6,0.7051000000000001,33.333333333333336,0.5972,0.2934
657,2013,harris_english,295.2,0.6602,35.666666666666664,0.5611,0.3194
658,2013,henrik_stenson,290.9,0.7195999999999999,35.833333333333336,0.5728,0.29350000000000004
659,2013,hunter_mahan,290.0,0.6758,36.16666666666666,0.5887,0.2907
660,2013,ian_poulter,281.7,0.6352,34.333333333333336,0.6149,0.2657
661,2013,jason_day,299.3,0.6493000000000001,36.333333333333336,0.6139,0.3065
662,2013,jason_dufner,285.9,0.6753,34.25,0.5911,0.2862
663,2013,jim_furyk,275.3,0.6829999999999999,31.25,0.5954999999999999,0.27690000000000003
664,2013,jimmy_walker,298.5,0.6607,35.5,0.6062,0.3139
665,2013,john_huh,282.0,0.6659999999999999,35.416666666666664,0.5936,0.2629
666,2013,john_senden,289.3,0.6595,37.0,0.5397,0.26890000000000003
667,2013,jonas_blixt,283.7,0.6089,37.75,0.615,0.274
668,2013,jordan_spieth,289.4,0.6694,33.0,0.6107,0.3201
669,2013,justin_rose,296.6,0.6889,32.166666666666664,0.6071,0.3028
670,2013,k.j._choi,278.3,0.6587000000000001,33.166666666666664,0.6297999999999999,0.26530000000000004
671,2013,keegan_bradley,300.6,0.6654000000000001,35.333333333333336,0.6088,0.307
672,2013,ken_duke,275.1,0.6309,33.083333333333336,0.5692,0.2772
673,2013,kevin_stadler,289.8,0.6892,33.166666666666664,0.5475,0.3049
674,2013,kevin_streelman,287.5,0.6640999999999999,33.333333333333336,0.5942000000000001,0.2836
675,2013,lee_westwood,290.3,0.6522,34.25,0.6157,0.2822
676,2013,lucas_glover,293.7,0.6640999999999999,35.0,0.5191,0.2726
677,2013,luke_donald,278.1,0.6215999999999999,34.166666666666664,0.6152000000000001,0.30760000000000004
678,2013,marc_leishman,286.6,0.6507999999999999,36.833333333333336,0.5764,0.2725
679,2013,martin_kaymer,288.4,0.6485,35.416666666666664,0.5259,0.2741
680,2013,matt_every,288.1,0.6554000000000001,34.083333333333336,0.5652,0.3206
681,2013,matt_jones,292.3,0.66,35.583333333333336,0.6397999999999999,0.3008
682,2013,matt_kuchar,284.9,0.6584,34.0,0.6355,0.3065
683,2013,mike_weir,270.5,0.569,37.333333333333336,0.5911,0.3098
684,2013,nick_watney,291.2,0.6848000000000001,33.833333333333336,0.5635,0.285
685,2013,patrick_reed,292.0,0.6379,36.16666666666666,0.6043999999999999,0.3105
686,2013,peter_hanson,295.3,0.6124,35.5,0.5832999999999999,0.3023
687,2013,phil_mickelson,287.9,0.6667000000000001,35.166666666666664,0.5855,0.3497
688,2013,rickie_fowler,286.4,0.6359,34.75,0.5959,0.305
689,2013,roberto_castro,282.3,0.6729999999999999,33.916666666666664,0.6147,0.2928
690,2013,rory_mcilroy,302.2,0.6545000000000001,35.583333333333336,0.5468,0.33130000000000004
691,2013,russell_henley,289.0,0.6425,34.583333333333336,0.5717,0.3111
692,2013,ryan_moore,282.3,0.6431999999999999,35.0,0.5768,0.2923
693,2013,sangmoon_bae,285.3,0.6372,35.25,0.5185,0.3284
694,2013,scott_stallings,295.7,0.6463,35.5,0.5507,0.2988
695,2013,sergio_garcia,291.0,0.6746,36.0,0.5745,0.2962
696,2013,steve_stricker,283.6,0.7116,33.833333333333336,0.6557,0.3177
697,2013,steven_bowditch,300.2,0.6197,38.25,0.6247,0.3186
698,2013,stewart_cink,290.0,0.6776000000000001,34.0,0.5316,0.2832
699,2013,tim_clark,273.9,0.6202000000000001,33.833333333333336,0.6019,0.27390000000000003
700,2013,trevor_immelman,283.6,0.6651,35.75,0.5913,0.2267
701,2013,vijay_singh,288.1,0.6912999999999999,33.083333333333336,0.5722999999999999,0.2227
702,2013,webb_simpson,285.4,0.6667000000000001,34.083333333333336,0.5795,0.3058
703,2013,y.e._yang,286.7,0.627,33.5,0.5665,0.269
704,2013,zach_johnson,278.8,0.6814,33.5,0.5966,0.2776
705,2013,ángel_cabrera,294.0,0.6498999999999999,37.91666666666666,0.5543,0.2825
706,2014,adam_scott,303.5,0.6879000000000001,35.166666666666664,0.6073,0.3389
707,2014,ben_crane,279.0,0.6344,35.666666666666664,0.591,0.2752
708,2014,ben_martin,291.7,0.6604000000000001,35.0,0.591,0.2878
709,2014,bill_haas,291.9,0.6862,35.916666666666664,0.6037,0.28550000000000003
710,2014,billy_horschel,291.6,0.7043,36.333333333333336,0.5532,0.2841
711,2014,brandt_snedeker,285.6,0.6328,35.416666666666664,0.5948,0.3013
712,2014,brendon_todd,280.3,0.6399,35.25,0.6357,0.2987
713,2014,brian_harman,289.0,0.6426000000000001,33.416666666666664,0.5966,0.2956
714,2014,brooks_koepka,307.0,0.6498,34.0,0.5751,0.3267
715,2014,bubba_watson,314.3,0.6796,34.833333333333336,0.5914,0.324
716,2014,cameron_tringale,282.9,0.6677,36.16666666666666,0.5934,0.2703
717,2014,camilo_villegas,292.5,0.6696,34.666666666666664,0.5664,0.3048
718,2014,charl_schwartzel,297.8,0.6353,37.333333333333336,0.6167,0.3376
719,2014,charley_hoffman,299.2,0.6708,34.583333333333336,0.5953,0.31670000000000004
720,2014,chris_kirk,291.0,0.6346,35.5,0.633,0.3106
721,2014,dustin_johnson,311.0,0.6803,32.833333333333336,0.5976,0.33
722,2014,erik_compton,283.3,0.6307,37.16666666666666,0.588,0.2945
723,2014,ernie_els,291.2,0.616,38.083333333333336,0.6136,0.2924
724,2014,gary_woodland,304.1,0.6655,36.833333333333336,0.6011,0.2957
725,2014,geoff_ogilvy,292.5,0.6451,36.75,0.5577000000000001,0.2805
726,2014,graeme_mcdowell,278.0,0.6577,33.916666666666664,0.6047,0.2969
727,2014,henrik_stenson,293.2,0.6903,36.5,0.5183,0.3149
728,2014,hideki_matsuyama,294.8,0.6403,32.583333333333336,0.6042000000000001,0.3214
729,2014,hunter_mahan,295.8,0.6667000000000001,36.583333333333336,0.5471,0.2836
730,2014,ian_poulter,288.1,0.624,36.41666666666666,0.5805,0.3211
731,2014,j.b._holmes,308.0,0.6092,37.75,0.5851,0.3256
732,2014,james_hahn,289.6,0.6396000000000001,35.416666666666664,0.5511,0.2669
733,2014,jason_day,301.2,0.64,35.25,0.6495000000000001,0.3002
734,2014,jason_dufner,285.3,0.6626000000000001,34.833333333333336,0.5274,0.2975
735,2014,jim_furyk,279.3,0.6875,32.0,0.6933,0.2665
736,2014,jimmy_walker,301.0,0.6759000000000001,36.5,0.5839,0.335
737,2014,john_senden,288.9,0.6785,36.16666666666666,0.6021,0.2763
738,2014,jonas_blixt,286.1,0.6111,37.583333333333336,0.5876,0.301
739,2014,jordan_spieth,289.7,0.6247,36.083333333333336,0.6239,0.34240000000000004
740,2014,justin_rose,295.1,0.6690999999999999,34.666666666666664,0.6123,0.3096
741,2014,keegan_bradley,302.2,0.6667000000000001,35.0,0.6231,0.3093
742,2014,kevin_na,280.3,0.6472,35.0,0.6516,0.3077
743,2014,kevin_stadler,291.6,0.6890999999999999,34.5,0.5341,0.2845
744,2014,kevin_streelman,288.6,0.6325,36.0,0.5407,0.3126
745,2014,lee_westwood,292.3,0.6369,38.583333333333336,0.5628,0.3245
746,2014,louis_oosthuizen,300.5,0.6643000000000001,35.333333333333336,0.518,0.2836
747,2014,luke_donald,278.1,0.63,36.083333333333336,0.6059,0.2918
748,2014,martin_kaymer,294.9,0.6457999999999999,36.16666666666666,0.5343,0.31
749,2014,matt_every,286.3,0.6333,36.25,0.5882000000000001,0.30920000000000003
750,2014,matt_kuchar,283.8,0.6692,35.083333333333336,0.624,0.3057
751,2014,mike_weir,271.2,0.5744,37.833333333333336,0.5984,0.2772
752,2014,morgan_hoffmann,295.4,0.6274000000000001,36.5,0.5753,0.3184
753,2014,patrick_reed,292.3,0.6364,36.333333333333336,0.5942000000000001,0.3025
754,2014,paul_casey,293.0,0.6577,32.166666666666664,0.5623,0.31120000000000003
755,2014,phil_mickelson,292.4,0.6526000000000001,35.666666666666664,0.6171,0.3129
756,2014,rickie_fowler,297.5,0.6451,35.833333333333336,0.6206,0.32520000000000004
757,2014,robert_streb,300.0,0.6565000000000001,35.0,0.59,0.30260000000000004
758,2014,rory_mcilroy,310.5,0.6944,34.333333333333336,0.5852,0.3684000000000001
759,2014,russell_henley,293.7,0.6184000000000001,36.91666666666666,0.5236999999999999,0.30820000000000003
760,2014,ryan_moore,284.7,0.6799,34.0,0.5764,0.3053
761,2014,ryan_palmer,300.4,0.6667000000000001,35.833333333333336,0.5824,0.3271
762,2014,sangmoon_bae,288.5,0.6294,37.41666666666666,0.574,0.3209
763,2014,sergio_garcia,294.3,0.6868000000000001,34.0,0.6667000000000001,0.2997
764,2014,seung-yul_noh,296.5,0.6697,35.583333333333336,0.6033,0.28550000000000003
765,2014,trevor_immelman,291.8,0.6528,38.0,0.546,0.2489
766,2014,vijay_singh,289.7,0.6539,34.916666666666664,0.5919,0.2641
767,2014,webb_simpson,288.5,0.6528,35.916666666666664,0.5905,0.3093
768,2014,zach_johnson,282.2,0.6742,33.333333333333336,0.6075,0.2915
769,2014,ángel_cabrera,303.7,0.6498,35.75,0.531,0.3006
770,2015,adam_scott,311.6,0.6962,36.16666666666666,0.5409,0.3005
771,2015,bill_haas,290.7,0.688,35.75,0.619,0.2679
772,2015,billy_horschel,295.0,0.6933,36.75,0.5761,0.3069
773,2015,brandt_snedeker,288.4,0.6496999999999999,35.666666666666664,0.6327,0.3114
774,2015,brooks_koepka,308.2,0.6948000000000001,34.916666666666664,0.5663,0.31420000000000003
775,2015,bubba_watson,315.2,0.6931999999999999,36.0,0.6189,0.34380000000000005
776,2015,charl_schwartzel,300.4,0.6498999999999999,36.5,0.5466,0.3016
777,2015,charley_hoffman,298.9,0.6618999999999999,36.083333333333336,0.5874,0.3262
778,2015,chris_kirk,285.8,0.6454000000000001,35.0,0.603,0.3128
779,2015,daniel_berger,302.1,0.6884,35.333333333333336,0.6065999999999999,0.2997
780,2015,danny_lee,283.1,0.6568999999999999,33.833333333333336,0.6086,0.32159999999999994
781,2015,david_lingmerth,289.5,0.6494,34.166666666666664,0.6127,0.3045
782,2015,davis_love_iii,294.7,0.6743000000000001,34.833333333333336,0.5719,0.2488
783,2015,dustin_johnson,317.7,0.6705,34.5,0.5785,0.3472
784,2015,ernie_els,291.7,0.6452,36.41666666666666,0.5659000000000001,0.2859
785,2015,fabián_gómez,283.2,0.6352,35.0,0.5871999999999999,0.3038
786,2015,harris_english,298.4,0.6705,35.333333333333336,0.6164999999999999,0.3
787,2015,henrik_stenson,296.4,0.7352,36.0,0.6224000000000001,0.3073
788,2015,hideki_matsuyama,294.5,0.6920000000000001,33.583333333333336,0.6192,0.32409999999999994
789,2015,hunter_mahan,295.1,0.6579,39.0,0.596,0.2921
790,2015,ian_poulter,286.7,0.6570999999999999,35.666666666666664,0.6076,0.306
791,2015,j.b._holmes,309.9,0.6365999999999999,36.833333333333336,0.5935,0.3464
792,2015,jamie_donaldson,294.9,0.6383,39.75,0.5948,0.2793
793,2015,jason_day,313.7,0.7082999999999999,36.25,0.6534,0.3676
794,2015,jason_dufner,286.7,0.6903,34.25,0.5528,0.2832
795,2015,jim_herman,293.8,0.7323000000000001,32.666666666666664,0.5802,0.2668
796,2015,jimmy_walker,301.6,0.6609,36.333333333333336,0.5771000000000001,0.3343
797,2015,jordan_spieth,291.8,0.6787000000000001,33.666666666666664,0.6503,0.3551
798,2015,justin_rose,303.5,0.7054,33.416666666666664,0.5914,0.3425
799,2015,justin_thomas,303.2,0.6892,34.666666666666664,0.6154999999999999,0.3361
800,2015,keegan_bradley,306.1,0.6753,35.75,0.5825,0.3134
801,2015,kevin_kisner,287.8,0.6624,34.333333333333336,0.6265999999999999,0.28190000000000004
802,2015,kevin_na,280.1,0.6456000000000001,35.833333333333336,0.6286999999999999,0.3212
803,2015,kevin_streelman,289.5,0.6899,35.75,0.5866,0.2826
804,2015,lee_westwood,300.0,0.6645,36.41666666666666,0.5223,0.3042
805,2015,louis_oosthuizen,298.8,0.6828,34.333333333333336,0.613,0.3066
806,2015,marc_leishman,294.8,0.6562,37.583333333333336,0.5667,0.2973
807,2015,matt_kuchar,288.5,0.6655,36.75,0.6378,0.322
808,2015,patrick_reed,292.9,0.6442,36.333333333333336,0.6199,0.3234
809,2015,paul_casey,297.8,0.7236,32.75,0.5613,0.2961
810,2015,phil_mickelson,300.5,0.6151,38.333333333333336,0.5938,0.3433
811,2015,rickie_fowler,296.8,0.6581,35.083333333333336,0.611,0.3254
812,2015,robert_streb,297.1,0.6914,36.41666666666666,0.5957,0.3099
813,2015,russell_knox,284.4,0.7082999999999999,31.5,0.5992000000000001,0.2813
814,2015,ryan_moore,282.6,0.6524,34.666666666666664,0.6025,0.3176
815,2015,scott_piercy,296.7,0.6673,34.916666666666664,0.5863,0.309
816,2015,sergio_garcia,300.0,0.6756,39.75,0.5841,0.3108
817,2015,steven_bowditch,302.1,0.6343,35.666666666666664,0.6518999999999999,0.3131
818,2015,troy_merritt,285.2,0.6336999999999999,35.416666666666664,0.6183,0.2761
819,2015,vijay_singh,290.6,0.6624,35.0,0.6097,0.2834
820,2015,webb_simpson,289.4,0.6781,34.0,0.6437999999999999,0.2923
821,2015,zach_johnson,282.6,0.6858,34.5,0.6098,0.3106
822,2015,ángel_cabrera,299.7,0.6487999999999999,37.0,0.5045000000000001,0.294
823,2016,adam_hadwin,290.1,0.6607,36.083333333333336,0.5827,0.3173
824,2016,adam_scott,304.6,0.7076,32.416666666666664,0.595,0.3106
825,2016,bill_haas,289.6,0.6714,36.083333333333336,0.633,0.251
826,2016,billy_hurley_iii,277.7,0.6271,33.5,0.6163000000000001,0.289
827,2016,branden_grace,295.6,0.6676000000000001,35.0,0.5905,0.2843
828,2016,brandt_snedeker,292.6,0.6567000000000001,35.833333333333336,0.6273,0.3095
829,2016,brendan_steele,302.2,0.6872,35.666666666666664,0.5476,0.2838
830,2016,brian_stuard,277.7,0.633,33.666666666666664,0.6215999999999999,0.2796
831,2016,brooks_koepka,302.6,0.6698000000000001,35.333333333333336,0.5553,0.3365
832,2016,bubba_watson,310.6,0.6916,35.25,0.5274,0.2991
833,2016,charl_schwartzel,296.7,0.6873,35.5,0.5964,0.2998
834,2016,charley_hoffman,298.2,0.6457999999999999,34.75,0.5775,0.28600000000000003
835,2016,daniel_berger,298.4,0.6767,35.333333333333336,0.5695,0.2982
836,2016,daniel_summerhays,288.0,0.6302,39.0,0.5721,0.3172
837,2016,emiliano_grillo,294.3,0.6851999999999999,34.833333333333336,0.551,0.2991
838,2016,ernie_els,292.8,0.612,38.41666666666666,0.5466,0.2922
839,2016,francesco_molinari,286.7,0.6493000000000001,35.583333333333336,0.604,0.2725
840,2016,gary_woodland,306.1,0.6873999999999999,36.0,0.6015999999999999,0.2918
841,2016,hideki_matsuyama,294.5,0.6811,33.583333333333336,0.6086,0.3337
842,2016,hudson_swafford,306.9,0.688,34.333333333333336,0.5497,0.3069
843,2016,j.b._holmes,314.5,0.6517000000000001,37.75,0.5668,0.3345
844,2016,james_hahn,290.9,0.6457999999999999,36.0,0.5572,0.2779
845,2016,jason_day,304.2,0.6723,37.91666666666666,0.6192,0.34700000000000003
846,2016,jason_dufner,293.2,0.7015,33.75,0.5639,0.2922
847,2016,jhonattan_vegas,304.4,0.6970999999999999,37.5,0.5897,0.2895
848,2016,jim_furyk,280.8,0.6827,33.083333333333336,0.5724,0.2429
849,2016,jimmy_walker,301.3,0.6396000000000001,36.91666666666666,0.5771000000000001,0.32909999999999995
850,2016,jordan_spieth,295.4,0.6352,35.666666666666664,0.6393,0.3568
851,2016,justin_rose,303.9,0.6792,38.083333333333336,0.581,0.3078
852,2016,justin_thomas,301.3,0.6563,35.25,0.5556,0.311
853,2016,kevin_chappell,296.3,0.6637000000000001,34.666666666666664,0.5915,0.2883
854,2016,kevin_kisner,289.0,0.6518999999999999,35.25,0.5688,0.3145
855,2016,kevin_na,279.6,0.6673,34.25,0.5853,0.3089
856,2016,louis_oosthuizen,294.0,0.6815000000000001,34.166666666666664,0.5421,0.2749
857,2016,marc_leishman,295.0,0.6531,35.833333333333336,0.6034,0.2894
858,2016,matt_kuchar,285.8,0.6781999999999999,34.833333333333336,0.6151,0.3143
859,2016,patrick_reed,297.4,0.6465000000000001,36.083333333333336,0.6396999999999999,0.31420000000000003
860,2016,paul_casey,295.2,0.708,35.083333333333336,0.6144,0.2863
861,2016,phil_mickelson,294.8,0.6605,36.25,0.6431999999999999,0.3337
862,2016,rickie_fowler,301.6,0.6926000000000001,35.75,0.6221,0.29410000000000003
863,2016,roberto_castro,284.2,0.6912999999999999,34.5,0.6011,0.2837
864,2016,rod_pampling,287.7,0.64,34.333333333333336,0.6173,0.2557
865,2016,rory_mcilroy,306.8,0.6962,34.416666666666664,0.5870000000000001,0.3532
866,2016,russell_henley,295.6,0.6827,33.833333333333336,0.6106,0.2776
867,2016,russell_knox,285.8,0.6973,33.333333333333336,0.6186,0.2832
868,2016,ryan_moore,283.2,0.6578,33.666666666666664,0.6012,0.2999
869,2016,scott_piercy,297.9,0.6733,36.5,0.5729,0.2871
870,2016,sean_o'hair,302.2,0.6717,36.75,0.5779,0.3163
871,2016,sergio_garcia,299.9,0.7015,38.0,0.5766,0.298
872,2016,shane_lowry,298.7,0.6451,36.083333333333336,0.5390999999999999,0.2788
873,2016,si_woo_kim,293.5,0.6483,37.333333333333336,0.6232,0.3044
874,2016,steve_stricker,278.0,0.63,35.166666666666664,0.6601,0.3022
875,2016,vijay_singh,289.8,0.6273,37.5,0.5652,0.2894
876,2016,webb_simpson,286.3,0.6714,33.083333333333336,0.5942000000000001,0.2933
877,2016,william_mcgirt,287.6,0.6735,35.833333333333336,0.6076,0.285
878,2016,zach_johnson,280.1,0.6453,34.583333333333336,0.6211,0.2986
879,2016,ángel_cabrera,294.6,0.6308,38.333333333333336,0.551,0.2646
880,2017,adam_hadwin,291.3,0.6507999999999999,36.083333333333336,0.6282,0.3083
881,2017,adam_scott,307.0,0.6705,36.75,0.5843,0.3062
882,2017,billy_horschel,300.1,0.6789000000000001,36.333333333333336,0.5433,0.266
883,2017,branden_grace,292.0,0.664,37.083333333333336,0.6142,0.2593
884,2017,brendan_steele,300.4,0.6726000000000001,35.583333333333336,0.5899,0.30870000000000003
885,2017,brian_harman,289.9,0.6378,36.5,0.6319,0.3109
886,2017,bryson_dechambeau,299.4,0.6548,36.66666666666666,0.5732,0.2913
887,2017,bubba_watson,305.8,0.6286999999999999,36.91666666666666,0.5534,0.3058
888,2017,cameron_smith,292.6,0.6314,35.833333333333336,0.5864,0.3294
889,2017,charl_schwartzel,299.1,0.6175999999999999,38.333333333333336,0.6004999999999999,0.3178
890,2017,charley_hoffman,298.7,0.6662,36.75,0.5655,0.3199
891,2017,chez_reavie,285.2,0.6731,33.333333333333336,0.6333,0.2903
892,2017,daniel_berger,296.9,0.6667000000000001,35.666666666666664,0.6163000000000001,0.3139
893,2017,dustin_johnson,315.0,0.6951999999999999,33.416666666666664,0.6275999999999999,0.3208
894,2017,francesco_molinari,292.4,0.6728000000000001,35.583333333333336,0.6274000000000001,0.3014
895,2017,gary_woodland,307.6,0.6948000000000001,36.25,0.5828,0.29100000000000004
896,2017,hideki_matsuyama,303.3,0.6901,34.833333333333336,0.6156,0.3422
897,2017,ian_poulter,283.5,0.6446,36.75,0.6736,0.2843
898,2017,jason_day,306.2,0.6372,37.66666666666666,0.5777,0.3586
899,2017,jason_dufner,294.6,0.6720999999999999,34.25,0.5785,0.3134
900,2017,jhonattan_vegas,301.3,0.6593000000000001,37.5,0.5761,0.2933
901,2017,jimmy_walker,295.7,0.6357,35.75,0.5725,0.3027
902,2017,jon_rahm,305.8,0.6861,35.25,0.6333,0.3225
903,2017,jordan_spieth,295.6,0.7001000000000001,33.75,0.6175999999999999,0.35
904,2017,justin_rose,300.9,0.6806,35.25,0.5897,0.3193
905,2017,justin_thomas,309.7,0.6716,35.166666666666664,0.6039,0.3739
906,2017,kevin_chappell,305.0,0.6525,36.833333333333336,0.5684,0.3105
907,2017,kevin_kisner,289.5,0.6638,35.083333333333336,0.6206,0.2872
908,2017,kyle_stanley,296.5,0.7039,33.333333333333336,0.5835,0.2964
909,2017,louis_oosthuizen,296.3,0.6523,37.083333333333336,0.6314,0.2765
910,2017,marc_leishman,298.6,0.6704000000000001,37.833333333333336,0.6142,0.3037
911,2017,matt_kuchar,285.4,0.6673,35.583333333333336,0.6534,0.2892
912,2017,pat_perez,290.9,0.6617000000000001,37.41666666666666,0.6314,0.3096
913,2017,patrick_cantlay,298.9,0.6920999999999999,36.66666666666666,0.6015,0.2965
914,2017,patrick_reed,295.6,0.6217,38.5,0.6123,0.3164
915,2017,patton_kizzire,293.0,0.6352,35.416666666666664,0.5431,0.3015
916,2017,paul_casey,297.5,0.7006,35.5,0.6412,0.2962
917,2017,phil_mickelson,293.5,0.6285000000000001,36.083333333333336,0.6,0.3304
918,2017,rafa_cabrera_bello,291.7,0.6269,37.75,0.598,0.2944
919,2017,rickie_fowler,300.3,0.6703,35.25,0.6386,0.3475
920,2017,rory_mcilroy,317.2,0.6563,36.833333333333336,0.6229,0.3186
921,2017,russell_henley,298.0,0.6781,36.5,0.5711999999999999,0.3012
922,2017,ryan_moore,288.0,0.6505,34.916666666666664,0.5674,0.3015
923,2017,sergio_garcia,301.9,0.6962,36.25,0.6164999999999999,0.28850000000000003
924,2017,si_woo_kim,289.8,0.5963,39.41666666666666,0.5540999999999999,0.2802
925,2017,tony_finau,309.2,0.6896,36.833333333333336,0.5938,0.3212
926,2017,webb_simpson,286.5,0.6548999999999999,33.75,0.652,0.2987
927,2017,wesley_bryan,279.8,0.605,35.083333333333336,0.6059,0.302
928,2017,xander_schauffele,306.8,0.68,36.333333333333336,0.5755,0.3141
929,2017,zach_johnson,286.9,0.6420999999999999,35.0,0.5988,0.2999
930,2018,aaron_wise,302.9,0.6881,36.66666666666666,0.5628,0.3232
931,2018,adam_scott,304.6,0.7066,35.75,0.5485,0.2906
932,2018,alex_noren,299.2,0.6491,40.41666666666666,0.6174000000000001,0.2957
933,2018,andrew_landry,291.1,0.6563,33.75,0.5697,0.2851
934,2018,billy_horschel,295.4,0.7175,36.333333333333336,0.5803,0.3034
935,2018,branden_grace,298.9,0.6709999999999999,37.333333333333336,0.5778,0.3018
936,2018,brandt_snedeker,293.1,0.6504000000000001,35.916666666666664,0.6008,0.2999
937,2018,brooks_koepka,313.4,0.6828,35.583333333333336,0.6328,0.3342
938,2018,bryson_dechambeau,305.7,0.6965,34.833333333333336,0.5984,0.3325
939,2018,bubba_watson,313.1,0.6820999999999999,37.16666666666666,0.5664,0.3024
940,2018,cameron_smith,298.4,0.6318,36.16666666666666,0.6112,0.3175
941,2018,charl_schwartzel,299.5,0.6111,39.25,0.5788,0.2915
942,2018,charles_howell_iii,300.9,0.6933,36.41666666666666,0.6087,0.2777
943,2018,charley_hoffman,299.5,0.6653,35.583333333333336,0.5622,0.2929
944,2018,corey_conners,303.3,0.7019,34.666666666666664,0.5752,0.2841
945,2018,dustin_johnson,314.0,0.7056999999999999,32.666666666666664,0.625,0.3704
946,2018,emiliano_grillo,295.2,0.6884,35.0,0.6104999999999999,0.3099
947,2018,francesco_molinari,301.0,0.7023999999999999,36.16666666666666,0.5867,0.2927
948,2018,gary_woodland,313.5,0.7051000000000001,35.25,0.5445,0.2992
949,2018,henrik_stenson,291.5,0.7351000000000001,33.916666666666664,0.6067,0.274
950,2018,hideki_matsuyama,302.0,0.6929000000000001,35.416666666666664,0.608,0.321
951,2018,ian_poulter,293.6,0.6701,34.416666666666664,0.5710999999999999,0.2918
952,2018,j.b._holmes,306.1,0.6526000000000001,36.0,0.5714,0.3022
953,2018,jason_day,310.0,0.6528,37.333333333333336,0.6235,0.34630000000000005
954,2018,jimmy_walker,299.0,0.619,36.0,0.5909,0.3072
955,2018,jon_rahm,308.9,0.7012,36.5,0.5718,0.3446
956,2018,jordan_spieth,299.8,0.7047,34.666666666666664,0.6163000000000001,0.3222
957,2018,justin_rose,303.5,0.6995,34.583333333333336,0.6303,0.34380000000000005
958,2018,justin_thomas,311.8,0.6877,35.5,0.6247,0.3508
959,2018,keegan_bradley,299.6,0.6918000000000001,34.166666666666664,0.5678,0.2894
960,2018,keith_mitchell,312.6,0.6942,36.41666666666666,0.5655,0.319
961,2018,kevin_kisner,290.8,0.6537999999999999,36.66666666666666,0.6029,0.2874
962,2018,kevin_na,289.6,0.6466,34.416666666666664,0.6362,0.3287
963,2018,kevin_tway,310.1,0.6688,37.583333333333336,0.5677,0.3063
964,2018,kiradech_aphibarnrat,294.7,0.622,35.583333333333336,0.5559000000000001,0.2982
965,2018,kyle_stanley,295.7,0.7109000000000001,34.583333333333336,0.5479999999999999,0.2916
966,2018,louis_oosthuizen,299.8,0.6574,34.5,0.6426000000000001,0.2754
967,2018,marc_leishman,298.5,0.6667000000000001,37.16666666666666,0.5907,0.3244
968,2018,matt_kuchar,288.0,0.6681,35.25,0.636,0.2924
969,2018,michael_kim,289.9,0.6063000000000001,38.0,0.5605,0.3039
970,2018,patrick_cantlay,303.1,0.7069,36.0,0.5758,0.2985
971,2018,patrick_reed,298.1,0.6357,37.333333333333336,0.6294,0.315
972,2018,patton_kizzire,298.7,0.6904,34.75,0.5524,0.2956
973,2018,paul_casey,304.3,0.6784,35.166666666666664,0.6058,0.2979
974,2018,phil_mickelson,300.3,0.6487999999999999,36.16666666666666,0.5836,0.35960000000000003
975,2018,rafa_cabrera_bello,295.1,0.7016,35.0,0.5798,0.3023
976,2018,rickie_fowler,299.8,0.6951999999999999,34.583333333333336,0.6305,0.3175
977,2018,rory_mcilroy,319.7,0.6629999999999999,35.083333333333336,0.6297,0.331
978,2018,satoshi_kodaira,293.6,0.603,35.083333333333336,0.5102,0.2736
979,2018,shane_lowry,300.7,0.6865000000000001,35.75,0.5347999999999999,0.2793
980,2018,si_woo_kim,290.8,0.6378,36.583333333333336,0.5722999999999999,0.3006
981,2018,stewart_cink,298.1,0.6858,34.75,0.5569,0.2882
982,2018,tiger_woods,303.6,0.674,34.333333333333336,0.6416,0.3293
983,2018,tommy_fleetwood,306.9,0.6936,37.083333333333336,0.5577000000000001,0.3414
984,2018,tony_finau,315.1,0.7018000000000001,36.16666666666666,0.5722,0.3279
985,2018,tyrrell_hatton,298.8,0.6646,36.833333333333336,0.6258,0.2682
986,2018,webb_simpson,293.7,0.6793,35.25,0.6609999999999999,0.2945
987,2018,xander_schauffele,304.9,0.6559,37.583333333333336,0.5781000000000001,0.3175
988,2018,zach_johnson,289.8,0.6743000000000001,33.916666666666664,0.6235,0.3074
