full_name,season,driving_distance,driving_accuracy,greens_in_regulation,par_or_better_distance,scrambling,putting_rating,total_score,made_cut,top_10
aaron_baddeley,2006,288.3,0.6073,0.5826,21.326666666666668,0.5937,112.3,307.0,1,0
aaron_baddeley,2007,291.9,0.6,0.6035,21.00582954800881,0.606,87.8,315.0,0,0
aaron_baddeley,2008,290.3,0.5945,0.6202000000000001,21.109306728444572,0.5852,58.3,284.0,1,0
aaron_baddeley,2010,298.9,0.5665,0.6459999999999999,21.23752060034316,0.5710000000000001,92.4,293.0,1,0
aaron_baddeley,2011,296.2,0.5567,0.6548,21.490981619558983,0.5943999999999999,106.8,293.0,1,0
aaron_wise,2018,302.9,0.6333,0.6881,20.84524992520944,0.5628,165.3,281.0,1,0
adam_hadwin,2016,290.1,0.6362,0.6607,20.325520988949393,0.5827,73.6,294.0,1,0
adam_hadwin,2017,291.3,0.632,0.6507999999999999,20.035187570178184,0.6282,136.3,287.0,1,0
adam_scott,2003,299.2,0.6149,0.6208,17.617156331889156,0.5637,276.9,315.0,0,0
adam_scott,2004,295.4,0.5765,0.6559999999999999,20.26667763157598,0.5652,82.1,294.0,1,0
adam_scott,2005,300.1,0.574,0.6724,17.385582448780177,0.5536,193.4,292.0,1,0
adam_scott,2006,301.1,0.62,0.6912,18.60540496065592,0.5794,307.8,300.0,1,0
adam_scott,2007,300.9,0.5917,0.6544,20.077355178713713,0.5201,203.0,292.0,1,0
adam_scott,2008,302.1,0.5466,0.6372,19.862228076594697,0.5344,289.9,315.0,0,0
adam_scott,2009,294.9,0.5877,0.6282,18.883180714299407,0.5316,352.6,287.0,1,0
adam_scott,2010,294.4,0.6293,0.6960999999999999,18.518262607491017,0.5403,322.3,276.0,1,1
adam_scott,2011,299.7,0.6397999999999999,0.6808,19.85010500601949,0.59,242.8,284.0,1,1
adam_scott,2012,304.6,0.5961,0.6657,19.635423717947454,0.5587,281.4,279.0,1,1
adam_scott,2013,297.8,0.6184000000000001,0.688,18.465811126391266,0.5638000000000001,175.7,289.0,1,0
adam_scott,2014,303.5,0.6151,0.6879000000000001,20.472316606144556,0.6073,152.3,289.0,1,0
adam_scott,2015,311.6,0.6069,0.6962,19.825800039903108,0.5409,252.6,299.0,1,0
adam_scott,2016,304.6,0.5555,0.7076,18.066294315043628,0.595,280.9,286.0,1,1
adam_scott,2017,307.0,0.5665,0.6705,20.335737938417676,0.5843,219.4,289.0,1,0
adam_scott,2018,304.6,0.6251,0.7066,19.271869719879284,0.5485,284.9,282.0,1,0
alex_cejka,2003,284.4,0.6801,0.6673,18.944328306910222,0.5743,224.1,291.0,1,0
alex_cejka,2010,277.4,0.7031000000000001,0.6659999999999999,17.087394659514363,0.5642,279.7,288.0,1,0
alex_noren,2018,299.2,0.6173,0.6491,21.977898067654742,0.6174000000000001,89.2,296.0,1,0
anders_hansen,2007,280.7,0.6695,0.6285000000000001,17.485326705555146,0.5513,260.2,315.0,0,0
andres_romero,2008,299.1,0.5283,0.5879,19.325936516045534,0.5775,127.3,298.0,1,0
andrew_landry,2018,291.1,0.6292,0.6563,18.020730250186865,0.5697,165.9,288.0,1,0
anthony_kim,2008,300.9,0.5834,0.6578,19.51900713620786,0.5932,105.3,286.0,1,0
anthony_kim,2009,299.0,0.5365,0.6269,21.929609612981658,0.5714,130.4,276.0,1,1
arron_oberholser,2005,283.5,0.667,0.6684,18.09524177788183,0.5931000000000001,211.8,288.0,1,0
arron_oberholser,2006,285.0,0.6253,0.6927,18.822896813308105,0.5767,244.3,310.0,1,0
arron_oberholser,2007,285.5,0.617,0.6225,18.210305385199398,0.5974,88.6,292.0,1,0
bart_bryant,2005,283.2,0.73,0.6893,19.059913868290874,0.5658,104.0,315.0,0,0
bart_bryant,2006,282.2,0.7276,0.6867,16.733241616614517,0.5546,218.1,315.0,0,0
ben_crane,2005,293.1,0.5663,0.6239,21.090249623147336,0.6008,38.1,315.0,0,0
ben_crane,2006,285.8,0.6351,0.6201,21.40050155175496,0.5649000000000001,22.9,315.0,0,0
ben_crane,2009,285.0,0.6775,0.6487,18.916647375173717,0.6207,127.5,288.0,1,0
ben_crane,2010,282.3,0.7112999999999999,0.6822,18.19355414700492,0.5906,175.8,315.0,0,0
ben_crane,2011,284.9,0.6706,0.6636,18.82088452874743,0.6131,133.3,287.0,1,0
ben_crane,2014,279.0,0.664,0.6344,18.71055792267504,0.591,125.0,315.0,0,0
ben_curtis,2003,283.2,0.6733,0.6446,18.703032842295926,0.5609000000000001,243.5,315.0,0,0
ben_curtis,2004,282.1,0.6434000000000001,0.6335000000000001,18.71513707017813,0.5802,313.4,315.0,0,0
ben_curtis,2005,280.0,0.6341,0.6188,17.751330779534374,0.5359,247.7,295.0,1,0
ben_curtis,2006,278.8,0.6661,0.6525,17.841341737660876,0.5688,169.1,315.0,0,0
ben_curtis,2007,277.1,0.6737000000000001,0.6056,19.227369471811677,0.5246,225.8,315.0,0,0
ben_curtis,2008,284.7,0.672,0.6345000000000001,17.619854430127646,0.5920000000000001,102.9,288.0,1,0
ben_curtis,2009,279.5,0.6475,0.6425,19.696023287286533,0.5865,127.1,315.0,0,0
ben_curtis,2012,274.8,0.6970000000000001,0.6887000000000001,17.978253530307107,0.5846,81.2,315.0,0,0
ben_martin,2014,291.7,0.6434000000000001,0.6604000000000001,18.77644801340232,0.591,131.8,315.0,0,0
bernhard_langer,2002,271.3,0.6743000000000001,0.64,18.287135410658983,0.6204,46.2,315.0,0,0
bernhard_langer,2003,272.3,0.6557999999999999,0.6233,17.288078945074005,0.5737,145.3,285.0,1,1
bernhard_langer,2004,282.2,0.6257,0.6525,18.10722292959973,0.6192,316.4,289.0,1,0
bernhard_langer,2005,289.1,0.5755,0.6501,19.312050713939673,0.6019,200.8,315.0,0,0
bernhard_langer,2006,285.8,0.6241,0.6566,19.859657005821845,0.591,177.9,315.0,0,0
bill_haas,2009,298.3,0.6281,0.6737000000000001,19.888006750300544,0.5949,226.5,289.0,1,0
bill_haas,2010,293.3,0.6417,0.6992,18.600926817559984,0.5796,222.6,290.0,1,0
bill_haas,2011,296.6,0.6359,0.6944,19.990634091716274,0.583,145.8,292.0,1,0
bill_haas,2012,292.2,0.6362,0.6517000000000001,20.39084450392708,0.6074,206.8,289.0,1,0
bill_haas,2013,288.2,0.6231,0.6779000000000001,18.623240502274452,0.6201,188.6,290.0,1,0
bill_haas,2014,291.9,0.6294,0.6862,19.191065177287292,0.6037,185.6,282.0,1,0
bill_haas,2015,290.7,0.6335000000000001,0.688,18.503862941288773,0.619,245.7,294.0,1,0
bill_haas,2016,289.6,0.6234000000000001,0.6714,18.07771398865342,0.633,241.6,294.0,1,0
billy_horschel,2013,293.8,0.6417,0.6748000000000001,19.89362099392667,0.5569,67.8,295.0,1,0
billy_horschel,2014,291.6,0.6704000000000001,0.7043,19.366041584863613,0.5532,147.3,315.0,0,0
billy_horschel,2015,295.0,0.6377,0.6933,20.358969307162877,0.5761,172.3,292.0,1,0
billy_horschel,2017,300.1,0.6007,0.6789000000000001,18.73898491262415,0.5433,168.8,315.0,0,0
billy_horschel,2018,295.4,0.6779999999999999,0.7175,20.013038527697667,0.5803,108.1,292.0,1,0
billy_hurley_iii,2016,277.7,0.6536,0.6271,18.009171274658918,0.6163000000000001,107.3,315.0,0,0
billy_mayfair,2002,270.9,0.7345999999999999,0.6648999999999999,18.619546181365433,0.6108,192.4,296.0,1,0
billy_mayfair,2005,288.2,0.6975,0.6949,18.934564147200337,0.5943999999999999,237.6,288.0,1,0
billy_mayfair,2006,282.3,0.7014,0.6655,18.670549075422972,0.6042000000000001,173.7,311.0,1,0
billy_mayfair,2008,284.0,0.7216,0.6812,17.636034134691393,0.6007,304.0,315.0,0,0
bo_van_pelt,2004,294.4,0.6515000000000001,0.6768000000000001,20.346666666666668,0.5835,106.8,315.0,0,0
bo_van_pelt,2010,292.0,0.6523,0.6923,19.205774594579044,0.6233,167.3,280.0,1,1
bo_van_pelt,2011,297.4,0.6359,0.6801999999999999,19.310311454562875,0.5869,261.5,287.0,1,0
bo_van_pelt,2012,296.1,0.6479,0.6707,19.27609443499037,0.5569,83.4,289.0,1,0
bob_estes,2002,279.8,0.705,0.7015,17.0713326954869,0.5964,239.0,292.0,1,0
bob_estes,2003,279.3,0.6868000000000001,0.6709,17.979978158588885,0.59,142.7,295.0,1,0
bob_tway,2003,288.8,0.6618999999999999,0.6973999999999999,18.945316043814103,0.5875,141.4,292.0,1,0
boo_weekley,2007,296.6,0.6465000000000001,0.6586,18.061801716606237,0.5688,223.2,291.0,1,0
boo_weekley,2008,291.7,0.6475,0.6787000000000001,18.182658404828118,0.5708,329.6,315.0,0,0
boo_weekley,2013,290.9,0.6636,0.6939,17.993288621501815,0.5535,336.5,315.0,0,0
brad_faxon,2002,269.6,0.6781,0.6372,18.90626801192898,0.6144,88.4,293.0,1,0
brad_faxon,2003,276.6,0.5927,0.6265,20.041790713406826,0.6076,112.0,295.0,1,0
branden_grace,2016,295.6,0.5514,0.6676000000000001,18.661926481475593,0.5905,196.8,291.0,1,0
branden_grace,2017,292.0,0.5847,0.664,18.883392633769787,0.6142,292.3,287.0,1,0
branden_grace,2018,298.9,0.6349,0.6709999999999999,20.509561997598425,0.5778,184.8,293.0,1,0
brandt_jobe,2005,302.3,0.5729,0.6552,19.590710099999495,0.5657,145.1,293.0,1,0
brandt_snedeker,2007,285.6,0.598,0.6457999999999999,17.746852713932125,0.6118,71.3,284.0,1,1
brandt_snedeker,2008,280.8,0.6051,0.6335999999999999,18.51517485739738,0.5722,201.4,315.0,0,0
brandt_snedeker,2010,277.1,0.6426999999999999,0.6236,19.356097015324824,0.6119,61.6,284.0,1,0
brandt_snedeker,2011,287.2,0.6402,0.649,19.62655492778428,0.6145,83.4,288.0,1,0
brandt_snedeker,2012,288.7,0.605,0.6375,20.55082410823901,0.6208,70.0,284.0,1,1
brandt_snedeker,2013,281.3,0.6257,0.6568,18.994975943946624,0.6086,112.8,295.0,1,0
brandt_snedeker,2014,285.6,0.637,0.6328,19.44049190978573,0.5948,151.0,315.0,0,0
brandt_snedeker,2015,288.4,0.6098,0.6496999999999999,19.90315050437995,0.6327,97.1,289.0,1,1
brandt_snedeker,2016,292.6,0.5869,0.6567000000000001,19.93505949883828,0.6273,78.7,291.0,1,0
brandt_snedeker,2018,293.1,0.6279,0.6504000000000001,19.66908952236704,0.6008,127.7,315.0,0,0
brendan_steele,2011,292.8,0.6483,0.6545000000000001,18.744647235944452,0.5453,166.5,315.0,0,0
brendan_steele,2016,302.2,0.6029,0.6872,19.00066139199721,0.5476,241.4,291.0,1,0
brendan_steele,2017,300.4,0.6288,0.6726000000000001,19.770376671930155,0.5899,233.8,315.0,0,0
brendon_de_jonge,2013,286.3,0.6628000000000001,0.6884,17.963752565931205,0.6256,192.6,295.0,1,0
brendon_todd,2014,280.3,0.6485,0.6399,19.26534242493499,0.6357,54.2,315.0,0,0
brett_quigley,2006,289.6,0.5885,0.6783,19.57958801064687,0.6184000000000001,80.5,306.0,1,0
brett_wetterich,2006,307.8,0.6146,0.6781999999999999,19.68077685910233,0.5347,253.8,302.0,1,0
brett_wetterich,2007,303.3,0.5815,0.6628000000000001,18.88407480524264,0.4886,356.7,315.0,0,0
brian_bateman,2007,291.6,0.5874,0.6133,19.334197681827916,0.5803,237.2,291.0,1,0
brian_gay,2009,268.5,0.7223999999999999,0.6244,17.947554150914268,0.6479,38.6,315.0,0,0
brian_gay,2012,277.7,0.621,0.6271,18.5070256929632,0.6437999999999999,89.3,292.0,1,0
brian_harman,2014,289.0,0.6096,0.6426000000000001,18.16834388282114,0.5966,175.4,315.0,0,0
brian_harman,2017,289.9,0.628,0.6378,20.35181871479795,0.6319,62.5,292.0,1,0
brian_stuard,2016,277.7,0.7106999999999999,0.633,17.801996142755076,0.6215999999999999,252.2,294.0,1,0
briny_baird,2003,292.2,0.6842,0.7217,17.709431260081605,0.5952000000000001,222.8,315.0,0,0
briny_baird,2008,285.2,0.6603,0.7,16.833541665377492,0.6243,310.2,315.0,0,0
brooks_koepka,2014,307.0,0.5690999999999999,0.6498,19.433610060922803,0.5751,174.9,288.0,1,0
brooks_koepka,2015,308.2,0.5733,0.6948000000000001,19.57202975194732,0.5663,103.8,293.0,1,0
brooks_koepka,2016,302.6,0.586,0.6698000000000001,20.49637908401276,0.5553,149.4,287.0,1,0
brooks_koepka,2018,313.4,0.5685,0.6828,20.5707370026777,0.6328,218.8,276.0,1,1
bryson_dechambeau,2017,299.4,0.5834,0.6548,19.78981219381999,0.5732,260.8,291.0,1,0
bryson_dechambeau,2018,305.7,0.6223,0.6965,20.08587985238497,0.5984,185.9,284.0,1,0
bubba_watson,2007,315.2,0.5566,0.6548999999999999,20.087662189070738,0.5654,256.9,291.0,1,0
bubba_watson,2008,315.1,0.5516,0.6759999999999999,19.016474491433296,0.5468999999999999,332.3,290.0,1,0
bubba_watson,2010,309.8,0.5567,0.6854,20.32705645944724,0.555,219.9,289.0,1,0
bubba_watson,2011,314.9,0.5692,0.6983,20.3519433961477,0.5082,282.3,278.0,1,1
bubba_watson,2012,315.5,0.5884,0.6995,20.005119344807717,0.5658,272.7,295.0,1,0
bubba_watson,2013,303.7,0.5872999999999999,0.6940999999999999,19.43870510733675,0.5448,220.3,280.0,1,1
bubba_watson,2014,314.3,0.6047,0.6796,19.827480929255742,0.5914,200.3,289.0,1,0
bubba_watson,2015,315.2,0.5655,0.6931999999999999,21.10840590854743,0.6189,164.6,297.0,1,0
bubba_watson,2016,310.6,0.5511,0.6916,19.278237568564197,0.5274,239.8,315.0,0,0
bubba_watson,2017,305.8,0.595,0.6286999999999999,20.414616257584765,0.5534,321.1,279.0,1,1
bubba_watson,2018,313.1,0.5827,0.6820999999999999,20.43828759950304,0.5664,190.8,280.0,1,0
cameron_smith,2017,292.6,0.5626,0.6314,20.565960954937168,0.5864,161.4,279.0,1,1
cameron_smith,2018,298.4,0.5703,0.6318,20.378881702498894,0.6112,239.8,290.0,1,0
cameron_tringale,2014,282.9,0.6386999999999999,0.6677,18.803188780984282,0.5934,149.7,289.0,1,0
camilo_villegas,2006,302.1,0.5806,0.6529,19.575519274366926,0.5645,248.1,315.0,0,0
camilo_villegas,2007,298.3,0.6023,0.6572,19.038779941652425,0.5731,243.0,315.0,0,0
camilo_villegas,2008,293.3,0.5815,0.6459999999999999,19.70859488903255,0.5352,184.3,282.0,1,0
camilo_villegas,2009,293.0,0.6131,0.6667000000000001,19.489794337892164,0.5685,223.8,294.0,1,0
camilo_villegas,2010,289.6,0.6165999999999999,0.6605,18.626905663135073,0.575,299.8,294.0,1,0
camilo_villegas,2014,292.5,0.5995,0.6696,19.1390142553546,0.5664,195.4,315.0,0,0
carl_pettersson,2005,291.7,0.6082,0.6607999999999999,19.38898076227835,0.6147,152.2,292.0,1,0
carl_pettersson,2006,286.6,0.6101,0.6231,19.864854643314157,0.5895,166.3,307.0,1,0
carl_pettersson,2008,286.0,0.5987,0.6354,19.117335065327488,0.59,93.4,315.0,0,0
carl_pettersson,2010,282.1,0.6282,0.638,18.703134429822185,0.6206,64.9,315.0,0,0
carl_pettersson,2012,297.1,0.5763,0.6389,19.72784178937642,0.6037,76.6,304.0,1,0
carlos_franco,2004,290.6,0.5932999999999999,0.6846,19.222631735361663,0.6103000000000001,271.2,315.0,0,0
chad_campbell,2002,281.5,0.7218000000000001,0.6916,17.07114012009743,0.5982999999999999,175.8,315.0,0,0
chad_campbell,2003,294.6,0.6892,0.7179000000000001,17.378841301997095,0.5483,226.4,315.0,0,0
chad_campbell,2004,288.0,0.6392,0.6774,17.471832489912313,0.5889,211.8,288.0,1,0
chad_campbell,2005,294.0,0.6157,0.6854,18.198712771176368,0.5566,155.9,284.0,1,1
chad_campbell,2006,290.9,0.5977,0.6743000000000001,18.218091168762257,0.5784,199.9,315.0,0,0
chad_campbell,2008,289.9,0.6568,0.6844,17.766582864092538,0.5468,223.4,276.0,1,1
chad_campbell,2009,291.0,0.635,0.6919,17.747528172959747,0.5975,206.7,298.0,1,0
charl_schwartzel,2011,297.0,0.6173,0.6597,20.60581441001544,0.5977,241.0,296.0,1,0
charl_schwartzel,2012,295.8,0.6141,0.6265,18.5564118897545,0.5895,93.8,290.0,1,0
charl_schwartzel,2013,296.1,0.5987,0.6585,19.677745819975303,0.5502,102.1,315.0,0,0
charl_schwartzel,2014,297.8,0.5945,0.6353,21.691919642525367,0.6167,217.2,289.0,1,0
charl_schwartzel,2015,300.4,0.6081,0.6498999999999999,20.045114117909133,0.5466,314.3,315.0,0,0
charl_schwartzel,2016,296.7,0.5686,0.6873,19.437668327245426,0.5964,233.6,282.0,1,1
charl_schwartzel,2017,299.1,0.5431,0.6175999999999999,21.609938557164956,0.6004999999999999,138.8,315.0,0,0
charl_schwartzel,2018,299.5,0.5519,0.6111,21.19136542910815,0.5788,221.9,315.0,0,0
charles_howell_iii,2002,293.7,0.6931,0.6905,19.52221106842153,0.601,261.4,294.0,1,0
charles_howell_iii,2003,294.6,0.624,0.6787000000000001,19.496045432343454,0.597,164.9,288.0,1,0
charles_howell_iii,2004,288.5,0.6435,0.6606000000000001,19.337576240602413,0.5981000000000001,246.3,315.0,0,0
charles_howell_iii,2005,293.6,0.5751,0.6611,19.80915634245941,0.5902000000000001,185.7,315.0,0,0
charles_howell_iii,2006,295.4,0.5639,0.6589,19.84590244231791,0.5692,242.7,301.0,1,0
charles_howell_iii,2007,299.8,0.4954,0.6336999999999999,19.60070151805797,0.5538000000000001,134.8,315.0,0,0
charles_howell_iii,2011,297.3,0.5751,0.6890999999999999,19.334608560672862,0.6392,140.0,288.0,1,0
charles_howell_iii,2018,300.9,0.6259,0.6933,19.190581330578688,0.6087,175.2,285.0,1,0
charley_hoffman,2010,298.2,0.6159,0.6653,19.84553065064161,0.606,182.4,287.0,1,0
charley_hoffman,2014,299.2,0.5869,0.6708,19.46215299769159,0.5953,117.5,280.0,1,1
charley_hoffman,2015,298.9,0.5801,0.6618999999999999,20.608606582633815,0.5874,182.4,295.0,1,0
charley_hoffman,2016,298.2,0.5479999999999999,0.6457999999999999,18.583941320398104,0.5775,246.7,290.0,1,0
charley_hoffman,2017,298.7,0.5856,0.6662,20.78569084129753,0.5655,205.5,282.0,1,0
charley_hoffman,2018,299.5,0.5834,0.6653,19.25778415847588,0.5622,232.1,284.0,1,0
chez_reavie,2008,281.8,0.7256,0.6661,16.885468872014712,0.5891,282.7,315.0,0,0
chez_reavie,2011,293.5,0.6731999999999999,0.6859999999999999,18.443335592505434,0.55,283.6,315.0,0,0
chez_reavie,2017,285.2,0.7140000000000001,0.6731,17.95983172403226,0.6333,99.4,298.0,1,0
chris_dimarco,2002,279.7,0.6846,0.6808,19.43945538574691,0.6331,211.4,315.0,0,0
chris_dimarco,2003,281.0,0.6756,0.6708,20.429987151244124,0.5808,121.3,286.0,1,1
chris_dimarco,2004,277.3,0.6856,0.6706,19.294503103215693,0.6127,190.7,276.0,1,1
chris_dimarco,2005,281.0,0.6154999999999999,0.6415000000000001,18.909720237075017,0.6115999999999999,154.6,315.0,0,0
chris_dimarco,2006,279.3,0.6434000000000001,0.6645,17.793277639790446,0.5902000000000001,239.2,315.0,0,0
chris_kirk,2013,289.0,0.5965,0.6592,18.72203238240383,0.6537999999999999,108.9,290.0,1,0
chris_kirk,2014,291.0,0.6278,0.6346,19.78468220619174,0.633,140.7,288.0,1,0
chris_kirk,2015,285.8,0.6197,0.6454000000000001,19.57498403575339,0.603,147.5,315.0,0,0
chris_riley,2002,272.7,0.7051000000000001,0.6509999999999999,19.611461058807194,0.6617000000000001,94.7,293.0,1,0
chris_riley,2003,279.3,0.6598,0.6154,18.908962160837913,0.6565000000000001,180.3,304.0,1,0
chris_riley,2004,277.3,0.6184000000000001,0.6246,19.115615489843783,0.602,160.2,304.0,1,0
corey_conners,2018,303.3,0.6299,0.7019,18.47769105344785,0.5752,329.7,288.0,1,0
craig_parry,2002,278.3,0.6919,0.6766,18.971729845571105,0.5871999999999999,153.9,297.0,1,0
craig_parry,2004,276.9,0.6351,0.6067,19.10576876233982,0.5847,178.0,290.0,1,0
craig_perks,2002,278.5,0.6202000000000001,0.6185,20.34520766667178,0.6053000000000001,223.1,315.0,0,0
craig_perks,2003,290.7,0.5628,0.6315,19.19726398329836,0.5687,189.6,315.0,0,0
craig_stadler,2002,280.4,0.7016,0.6601,20.92657894281815,0.5817,183.8,305.0,1,0
d.a._points,2010,283.0,0.6452,0.679,18.4064474852639,0.5865,197.6,315.0,0,0
d.a._points,2012,284.0,0.6466,0.6648000000000001,19.208764763773853,0.565,277.7,292.0,1,0
d.a._points,2013,281.1,0.6347999999999999,0.6277,19.32400322641363,0.5592,244.3,315.0,0,0
d.j._trahan,2007,295.1,0.6536,0.6695,18.111045873689594,0.5874,361.4,315.0,0,0
d.j._trahan,2008,291.3,0.6531,0.6625,18.487444388016424,0.5569,317.3,293.0,1,0
daniel_berger,2015,302.1,0.6074,0.6884,19.34318484634834,0.6065999999999999,243.5,289.0,1,1
daniel_berger,2016,298.4,0.5668,0.6767,19.294717757286147,0.5695,139.3,291.0,1,0
daniel_berger,2017,296.9,0.6003000000000001,0.6667000000000001,19.982884621039517,0.6163000000000001,173.8,289.0,1,0
daniel_chopra,2007,297.6,0.5534,0.652,19.245983509553362,0.6039,163.6,315.0,0,0
daniel_summerhays,2016,288.0,0.5865,0.6302,21.964999430912805,0.5721,103.7,297.0,1,0
danny_lee,2015,283.1,0.6392,0.6568999999999999,19.18681144258559,0.6086,126.3,292.0,1,0
darren_clarke,2003,304.9,0.6534,0.6368,19.597494879589977,0.5439,97.0,315.0,0,0
darren_clarke,2004,289.0,0.6228,0.64,21.77245730785163,0.6013000000000001,109.5,288.0,1,0
david_duval,2002,290.8,0.6214999999999999,0.6565000000000001,19.606225573781405,0.5763,145.1,315.0,0,0
david_duval,2009,292.7,0.509,0.6091,20.123374468512978,0.4898,206.1,315.0,0,0
david_howell,2006,289.1,0.6238,0.6321,20.64279050903729,0.5368999999999999,91.3,304.0,1,0
david_lingmerth,2015,289.5,0.6551,0.6494,18.85368553713924,0.6127,165.3,315.0,0,0
david_lynn,2013,277.9,0.5927,0.6248,18.37916855588292,0.6052000000000001,86.2,315.0,0,0
david_toms,2002,279.2,0.7065,0.7018000000000001,17.646910140305017,0.6141,172.2,288.0,1,1
david_toms,2003,288.8,0.6422,0.6797,18.90098659976363,0.6039,167.3,315.0,0,0
david_toms,2004,285.3,0.6336999999999999,0.6847,17.802471738497438,0.5667,236.3,315.0,0,0
david_toms,2005,287.8,0.6596,0.6739,19.08293167335669,0.5686,152.4,315.0,0,0
david_toms,2006,285.4,0.6918000000000001,0.6618,19.014519433989268,0.5929,194.5,294.0,1,1
david_toms,2007,282.5,0.6485,0.6378,18.30646121516177,0.5857,163.4,299.0,1,0
david_toms,2009,284.2,0.7326,0.6831999999999999,17.409026753382854,0.6119,156.2,286.0,1,0
david_toms,2010,281.3,0.7188,0.6758,17.94289336261636,0.6129,132.6,286.0,1,0
david_toms,2011,279.1,0.7182,0.7020000000000001,17.742215918380786,0.6121,105.1,296.0,1,0
david_toms,2012,275.5,0.6975,0.6609,18.36501996550326,0.6186,199.7,287.0,1,0
davis_love_iii,2002,287.7,0.6609,0.662,19.133041664443567,0.6257,165.3,290.0,1,0
davis_love_iii,2003,299.2,0.6461,0.6845,19.186637711351793,0.5959,241.8,286.0,1,1
davis_love_iii,2004,300.1,0.6013000000000001,0.6422,20.725885050127804,0.6149,137.3,315.0,0,0
davis_love_iii,2005,305.4,0.5788,0.6681,19.849113365309016,0.5982,208.0,291.0,1,0
davis_love_iii,2006,301.9,0.5989,0.6659,19.74663916552215,0.5514,142.7,300.0,1,0
davis_love_iii,2010,297.7,0.642,0.7025,17.4132771821453,0.5437,324.4,315.0,0,0
davis_love_iii,2015,294.7,0.6494,0.6743000000000001,17.374816385920298,0.5719,270.7,299.0,1,0
dean_wilson,2006,282.9,0.6347,0.6527,19.74376737099584,0.5937,74.2,301.0,1,0
derek_ernst,2013,291.5,0.6049,0.6389,18.754088220971983,0.4934000000000001,231.5,315.0,0,0
dudley_hart,2008,275.5,0.6118,0.6611,19.33522126198715,0.6112,88.9,293.0,1,0
dustin_johnson,2008,309.7,0.5305,0.6371,20.30809800164566,0.5158,274.1,287.0,1,0
dustin_johnson,2009,308.3,0.5539999999999999,0.6607,20.09267555879782,0.5595,153.7,294.0,1,0
dustin_johnson,2010,308.5,0.5635,0.6795,20.687922956401398,0.5581,239.6,289.0,1,0
dustin_johnson,2012,310.2,0.563,0.6575,18.91139318932138,0.6029,192.8,287.0,1,0
dustin_johnson,2013,305.8,0.5336,0.6675,19.176941720462104,0.5322,247.8,315.0,0,0
dustin_johnson,2014,311.0,0.5718,0.6803,18.861314022799863,0.5976,176.6,279.0,1,1
dustin_johnson,2015,317.7,0.5553,0.6705,20.328669410465604,0.5785,168.6,287.0,1,1
dustin_johnson,2017,315.0,0.5697,0.6951999999999999,18.926935685536748,0.6275999999999999,290.3,281.0,1,1
dustin_johnson,2018,314.0,0.5946,0.7056999999999999,19.881095431478506,0.625,186.0,276.0,1,1
emiliano_grillo,2016,294.3,0.6693000000000001,0.6851999999999999,19.050362419999608,0.551,198.5,300.0,1,0
emiliano_grillo,2018,295.2,0.7016,0.6884,19.484031923603492,0.6104999999999999,110.0,296.0,1,0
erik_compton,2014,283.3,0.5848,0.6307,20.16955247947316,0.588,127.8,293.0,1,0
ernie_els,2002,281.4,0.6404000000000001,0.6437,20.69611101417633,0.6263000000000001,153.0,287.0,1,1
ernie_els,2003,303.3,0.6131,0.6851999999999999,19.338885696957828,0.6029,197.4,280.0,1,1
ernie_els,2004,298.0,0.5550999999999999,0.6561,20.4467996171365,0.6406999999999999,207.8,298.0,1,0
ernie_els,2006,295.1,0.5761999999999999,0.6372,20.25314790347416,0.5932999999999999,245.7,315.0,0,0
ernie_els,2007,297.9,0.5699000000000001,0.6466,18.810788977191905,0.6015999999999999,261.0,315.0,0,0
ernie_els,2008,291.6,0.5688,0.6133,17.53760210233999,0.5661,294.7,315.0,0,0
ernie_els,2009,291.2,0.6487,0.6607999999999999,18.440564660552017,0.6004999999999999,304.3,287.0,1,0
ernie_els,2010,288.4,0.6015999999999999,0.6786,19.64685718434941,0.6123,142.3,293.0,1,0
ernie_els,2012,294.6,0.5671,0.6652,18.46417552391056,0.6106,204.1,287.0,1,0
ernie_els,2013,289.6,0.5771999999999999,0.6174000000000001,18.341209671726187,0.5808,233.4,315.0,0,0
ernie_els,2014,291.2,0.5326,0.616,20.593190554700897,0.6136,272.9,286.0,1,0
ernie_els,2015,291.7,0.5679,0.6452,19.471852387912826,0.5659000000000001,293.9,315.0,0,0
ernie_els,2016,292.8,0.5293,0.612,20.76633162517315,0.5466,168.2,308.0,1,0
fabián_gómez,2015,283.2,0.6088,0.6352,19.291319291328936,0.5871999999999999,230.0,315.0,0,0
francesco_molinari,2016,286.7,0.6376,0.6493000000000001,18.575045330436687,0.604,251.1,293.0,1,0
francesco_molinari,2017,292.4,0.7014,0.6728000000000001,19.535217592565715,0.6274000000000001,297.9,286.0,1,0
francesco_molinari,2018,301.0,0.6504000000000001,0.7023999999999999,19.566801745700687,0.5867,353.8,277.0,1,1
fred_couples,2002,288.6,0.6093,0.6463,20.19091627440419,0.6099,346.3,294.0,1,0
fred_couples,2003,293.4,0.5754,0.6401,19.74187165716001,0.5645,100.8,286.0,1,1
fred_couples,2004,294.5,0.5882000000000001,0.6635,19.940795182238848,0.5206000000000001,377.3,295.0,1,0
fred_couples,2005,296.4,0.5747,0.6829999999999999,18.174768109478958,0.5438000000000001,298.8,284.0,1,1
fred_couples,2006,301.5,0.5436,0.6533,19.705726131282525,0.5513,325.7,301.0,1,0
fred_couples,2008,299.6,0.5749,0.6546,19.067610954180914,0.5818,273.8,315.0,0,0
fred_couples,2009,297.5,0.5590999999999999,0.6708,18.997602187878577,0.525,296.9,279.0,1,1
fred_funk,2002,273.0,0.8123999999999999,0.7106999999999999,16.781239525136396,0.6322,215.1,315.0,0,0
fred_funk,2003,274.1,0.7786,0.6723,17.12140830137002,0.6065,227.3,315.0,0,0
fred_funk,2004,271.9,0.7723,0.6551,16.618001200171125,0.6124,159.7,315.0,0,0
fred_funk,2005,270.0,0.759,0.6617000000000001,16.361894755803803,0.6228,143.1,315.0,0,0
fred_funk,2006,272.8,0.7801,0.6635,16.78859545941828,0.6006,194.1,315.0,0,0
freddie_jacobson,2004,287.9,0.5556,0.6437999999999999,21.091707098604736,0.5965,140.8,315.0,0,0
freddie_jacobson,2011,287.4,0.6082,0.6356,19.885485598797935,0.6062,64.6,288.0,1,0
freddie_jacobson,2012,287.4,0.5798,0.6185,18.734338940980955,0.5752,237.5,290.0,1,0
gary_woodland,2011,310.5,0.5807,0.6940999999999999,19.77512515763175,0.5820000000000001,220.5,315.0,0,0
gary_woodland,2013,303.8,0.5760000000000001,0.6698000000000001,19.22047056887237,0.5458,162.3,292.0,1,0
gary_woodland,2014,304.1,0.5949,0.6655,20.029342156501855,0.6011,231.3,315.0,0,0
gary_woodland,2016,306.1,0.5669,0.6873999999999999,19.446665523940087,0.6015999999999999,217.3,315.0,0,0
gary_woodland,2017,307.6,0.5931000000000001,0.6948000000000001,19.55485074092871,0.5828,280.9,315.0,0,0
gary_woodland,2018,313.5,0.6369,0.7051000000000001,19.281460006960053,0.5445,258.3,285.0,1,0
geoff_ogilvy,2005,298.0,0.6072,0.6667000000000001,19.562120443602222,0.5806,166.6,289.0,1,0
geoff_ogilvy,2006,295.3,0.6189,0.6294,20.746411737936757,0.5889,182.3,299.0,1,0
geoff_ogilvy,2007,295.3,0.5902000000000001,0.6275,19.20561018296477,0.5660000000000001,262.3,296.0,1,0
geoff_ogilvy,2008,292.1,0.5818,0.6189,17.24504614858037,0.5991,172.8,283.0,1,0
geoff_ogilvy,2009,291.5,0.584,0.6426999999999999,20.406528520304477,0.5982999999999999,89.6,289.0,1,0
geoff_ogilvy,2010,287.0,0.5794,0.6769,18.88336893200528,0.5616,120.7,278.0,1,1
geoff_ogilvy,2011,290.0,0.6289,0.6263000000000001,19.5820430780629,0.5968,125.0,288.0,1,0
geoff_ogilvy,2014,292.5,0.5851,0.6451,19.46362713499208,0.5577000000000001,276.4,291.0,1,0
graeme_mcdowell,2011,289.5,0.6631,0.6607999999999999,18.941776066556052,0.5401,215.0,286.0,1,0
graeme_mcdowell,2012,285.5,0.7011,0.6626000000000001,18.497104390507538,0.5183,241.3,315.0,0,0
graeme_mcdowell,2013,277.5,0.6851,0.627,17.212891708606726,0.6109,209.0,315.0,0,0
graeme_mcdowell,2014,278.0,0.6920000000000001,0.6577,18.48069339803629,0.6047,28.2,294.0,1,0
graham_delaet,2013,298.6,0.6579999999999999,0.7051000000000001,18.05547008526779,0.5972,173.3,315.0,0,0
harris_english,2013,295.2,0.5865,0.6602,20.157189508681235,0.5611,130.7,315.0,0,0
harris_english,2015,298.4,0.5851,0.6705,19.35286369851587,0.6164999999999999,66.9,299.0,1,0
harrison_frazar,2011,301.8,0.5149,0.6245,18.89413152939293,0.5408,271.5,315.0,0,0
heath_slocum,2007,279.6,0.7328,0.6645,17.128280707648393,0.6148,161.8,293.0,1,0
heath_slocum,2009,287.0,0.7199,0.6758,16.74206808461846,0.5838,262.4,287.0,1,0
heath_slocum,2010,278.9,0.7242000000000001,0.6959000000000001,16.8940486932529,0.6286999999999999,251.4,315.0,0,0
henrik_stenson,2007,296.3,0.5697,0.6123,18.956113642950246,0.5327000000000001,162.8,290.0,1,0
henrik_stenson,2012,289.5,0.6413,0.6537000000000001,21.108481707598017,0.5904,241.1,288.0,1,0
henrik_stenson,2013,290.9,0.7009000000000001,0.7195999999999999,19.41293776783354,0.5728,197.3,289.0,1,0
henrik_stenson,2014,293.2,0.6878,0.6903,20.482322256033374,0.5183,169.3,284.0,1,0
henrik_stenson,2015,296.4,0.6990999999999999,0.7352,19.956472634210687,0.6224000000000001,101.7,294.0,1,0
henrik_stenson,2018,291.5,0.7519,0.7351000000000001,17.75368232539692,0.6067,222.8,286.0,1,0
hideki_matsuyama,2014,294.8,0.6152000000000001,0.6403,18.472192577252738,0.6042000000000001,279.3,277.0,1,1
hideki_matsuyama,2015,294.5,0.6525,0.6920000000000001,19.118918223261947,0.6192,202.0,288.0,1,1
hideki_matsuyama,2016,294.5,0.6204,0.6811,19.40000774985527,0.6086,181.7,287.0,1,0
hideki_matsuyama,2017,303.3,0.5861,0.6901,20.376755684412135,0.6156,274.8,285.0,1,0
hideki_matsuyama,2018,302.0,0.6282,0.6929000000000001,20.065971921805,0.608,234.9,285.0,1,0
hudson_swafford,2016,306.9,0.6143,0.688,19.02017087199797,0.5497,181.8,315.0,0,0
hunter_mahan,2007,296.7,0.6805,0.6690999999999999,18.701270010349564,0.5479999999999999,175.5,315.0,0,0
hunter_mahan,2008,289.9,0.6602,0.6960999999999999,17.969323667171103,0.5355,190.8,281.0,1,1
hunter_mahan,2009,297.0,0.6518999999999999,0.6836,19.69125316959002,0.5802,145.5,281.0,1,1
hunter_mahan,2010,291.8,0.6794,0.6865000000000001,19.02155340002493,0.5865,167.1,315.0,0,0
hunter_mahan,2011,291.6,0.6285000000000001,0.6879000000000001,20.952954975903097,0.58,139.5,286.0,1,0
hunter_mahan,2012,293.1,0.6774,0.6897,18.450689726644068,0.5371,178.3,315.0,0,0
hunter_mahan,2013,290.0,0.6661,0.6758,19.499837819838397,0.5887,107.2,292.0,1,0
hunter_mahan,2014,295.8,0.6509999999999999,0.6667000000000001,19.482127778499397,0.5471,147.3,280.0,1,1
hunter_mahan,2015,295.1,0.5891,0.6579,21.07804782231979,0.596,91.6,302.0,1,0
ian_poulter,2006,287.9,0.7019,0.6603,18.022707898648306,0.6038,170.3,296.0,1,0
ian_poulter,2007,282.5,0.6323,0.6167,18.708981057829483,0.5942000000000001,221.3,292.0,1,0
ian_poulter,2008,283.6,0.5977,0.5975,18.306590343370882,0.5634,50.3,286.0,1,0
ian_poulter,2009,282.8,0.6518,0.6101,19.048051081409877,0.6514,162.2,283.0,1,1
ian_poulter,2010,286.8,0.6272,0.6247,19.08387102590387,0.5982,91.8,287.0,1,0
ian_poulter,2011,282.8,0.6476000000000001,0.6557999999999999,18.3024339607848,0.5633,100.8,283.0,1,1
ian_poulter,2012,285.0,0.6513,0.6161,19.49959002418028,0.6434000000000001,207.9,315.0,0,0
ian_poulter,2013,281.7,0.6242,0.6352,17.697492917234225,0.6149,139.0,290.0,1,0
ian_poulter,2014,288.1,0.6135,0.624,20.6357540818788,0.5805,149.6,279.0,1,1
ian_poulter,2015,286.7,0.6358,0.6570999999999999,19.729825138606778,0.6076,163.5,300.0,1,0
ian_poulter,2017,283.5,0.6255,0.6446,19.595022805549373,0.6736,205.3,292.0,1,0
ian_poulter,2018,293.6,0.6640999999999999,0.6701,18.591372364322353,0.5710999999999999,107.6,280.0,1,0
j.b._holmes,2007,312.6,0.5870000000000001,0.6456999999999999,21.426829268466204,0.5182,371.7,292.0,1,0
j.b._holmes,2014,308.0,0.5471,0.6092,21.54066735270753,0.5851,210.7,315.0,0,0
j.b._holmes,2015,309.9,0.5405,0.6365999999999999,21.678536748488252,0.5935,220.6,287.0,1,1
j.b._holmes,2016,314.5,0.5168,0.6517000000000001,21.833080548791095,0.5668,274.6,299.0,1,0
j.b._holmes,2018,306.1,0.5713,0.6526000000000001,19.790179382714044,0.5714,227.8,296.0,1,0
j.j._henry,2006,295.9,0.6003000000000001,0.6816,19.09018596033051,0.5478000000000001,176.6,302.0,1,0
j.l._lewis,2003,289.7,0.6607999999999999,0.6592,18.928960249076315,0.5478999999999999,285.4,315.0,0,0
james_hahn,2014,289.6,0.6083,0.6396000000000001,18.29708775021011,0.5511,257.1,315.0,0,0
james_hahn,2016,290.9,0.6071,0.6457999999999999,18.97783970845997,0.5572,248.8,298.0,1,0
jamie_donaldson,2015,294.9,0.6009,0.6383,21.00741431614086,0.5948,79.1,293.0,1,0
jason_bohn,2005,292.9,0.6213000000000001,0.6606000000000001,18.687036356195645,0.5899,175.4,295.0,1,0
jason_bohn,2010,279.8,0.6689,0.6779000000000001,18.184329620582663,0.5749,169.8,315.0,0,0
jason_day,2010,298.2,0.5778,0.6768000000000001,19.797702518221655,0.6038,227.3,276.0,1,1
jason_day,2011,302.6,0.547,0.6492,21.995455338672933,0.6464,91.9,315.0,0,0
jason_day,2012,308.6,0.5247999999999999,0.6131,20.89459911609271,0.6136,145.5,281.0,1,1
jason_day,2013,299.3,0.5803,0.6493000000000001,20.115020645168517,0.6139,148.8,290.0,1,0
jason_day,2014,301.2,0.5871999999999999,0.64,19.313654819841844,0.6495000000000001,106.9,287.0,1,0
jason_day,2015,313.7,0.5594,0.7082999999999999,21.978384267274972,0.6534,114.0,289.0,1,1
jason_day,2016,304.2,0.5046,0.6723,22.335459320451758,0.6192,26.6,290.0,1,0
jason_day,2017,306.2,0.5394,0.6372,22.556012748513663,0.5777,226.0,286.0,1,0
jason_day,2018,310.0,0.5832,0.6528,21.969643703174718,0.6235,46.2,277.0,1,1
jason_dufner,2009,286.2,0.6728000000000001,0.6693000000000001,18.753243386145233,0.6074,211.9,291.0,1,0
jason_dufner,2011,286.8,0.6581,0.6695,17.751560807746202,0.5861999999999999,213.1,289.0,1,0
jason_dufner,2012,292.4,0.669,0.6917,18.49178195848091,0.6242,214.2,289.0,1,0
jason_dufner,2013,285.9,0.6481,0.6753,18.3229497488805,0.5911,259.6,315.0,0,0
jason_dufner,2014,285.3,0.6376,0.6626000000000001,18.99934026632387,0.5274,285.0,292.0,1,0
jason_dufner,2015,286.7,0.6781,0.6903,18.226664533040598,0.5528,336.0,315.0,0,0
jason_dufner,2016,293.2,0.6283,0.7015,18.24374036484843,0.5639,304.7,293.0,1,0
jason_dufner,2017,294.6,0.6376,0.6720999999999999,19.173882953121414,0.5785,245.2,315.0,0,0
jay_haas,2002,273.3,0.6591,0.6364,19.78601652683025,0.6344,201.7,315.0,0,0
jay_haas,2003,279.2,0.6552,0.6439,19.47230126786936,0.6184000000000001,61.0,289.0,1,0
jay_haas,2004,274.5,0.6536,0.6695,17.99821719566197,0.634,141.3,301.0,1,0
jeff_maggert,2002,274.9,0.7511,0.6428,16.869130007864133,0.6024,224.5,286.0,1,1
jeff_maggert,2003,278.2,0.742,0.6523,18.766801731307925,0.5720000000000001,198.6,315.0,0,0
jeff_maggert,2004,281.2,0.6925,0.675,18.141477337857577,0.5670000000000001,244.1,289.0,1,0
jeff_overton,2010,297.3,0.5544,0.6686,19.67139994241499,0.568,123.0,291.0,1,0
jeff_sluman,2002,272.9,0.6856,0.6914,18.563258214967426,0.6262,156.0,298.0,1,0
jeff_sluman,2003,280.6,0.6949,0.6875,17.456463702594522,0.6325,239.3,302.0,1,0
jeff_sluman,2006,279.8,0.6481,0.6524,18.38865788710228,0.5886,188.4,305.0,1,0
jerry_kelly,2002,274.0,0.7101000000000001,0.6714,19.58684628066045,0.6511,229.0,304.0,1,0
jerry_kelly,2003,283.5,0.7117,0.6823,20.501315540444935,0.6146,255.0,295.0,1,0
jerry_kelly,2004,278.1,0.7040000000000001,0.6799,18.537072427076144,0.6274000000000001,119.0,289.0,1,0
jerry_kelly,2006,278.1,0.7026,0.6711,18.582856944566473,0.6098,231.3,292.0,1,1
jerry_kelly,2007,281.0,0.6828,0.6483,17.869180521221445,0.5814,288.8,315.0,0,0
jerry_kelly,2009,284.7,0.648,0.6463,19.41029366083883,0.613,139.9,285.0,1,0
jerry_kelly,2010,279.0,0.705,0.6748999999999999,17.883516852118323,0.5791,316.8,315.0,0,0
jesper_parnevik,2004,287.9,0.5998,0.6609,21.063216539081164,0.6419,111.1,315.0,0,0
jhonattan_vegas,2016,304.4,0.5657,0.6970999999999999,20.176951578471908,0.5897,189.9,315.0,0,0
jhonattan_vegas,2017,301.3,0.5767,0.6593000000000001,20.30894199607651,0.5761,327.4,291.0,1,0
jim_furyk,2002,271.8,0.7759999999999999,0.7169,15.943717676041976,0.6478,144.0,284.0,1,1
jim_furyk,2005,280.0,0.6807,0.6977,17.744523803134307,0.6344,118.3,291.0,1,0
jim_furyk,2006,281.9,0.7384999999999999,0.7071,17.47988526532394,0.6466,92.8,296.0,1,0
jim_furyk,2007,279.7,0.7437,0.6944,17.057174117915572,0.6053000000000001,247.3,293.0,1,0
jim_furyk,2008,280.4,0.6937000000000001,0.6678000000000001,17.816982223585327,0.6032,143.7,281.0,1,1
jim_furyk,2009,279.9,0.6966,0.6553,17.907174229589906,0.6408,77.0,315.0,0,0
jim_furyk,2010,276.0,0.7101000000000001,0.6712,17.963752565931205,0.6347,117.1,286.0,1,0
jim_furyk,2011,281.4,0.68,0.6757,17.03390122585611,0.5837,238.8,285.0,1,1
jim_furyk,2012,280.0,0.7071,0.6819,16.703101175796334,0.6383,94.8,290.0,1,0
jim_furyk,2013,275.3,0.7047,0.6829999999999999,16.444152646153587,0.5954999999999999,170.6,289.0,1,0
jim_furyk,2014,279.3,0.7318000000000001,0.6875,16.51956415889959,0.6933,191.4,315.0,0,0
jim_furyk,2016,280.8,0.6909000000000001,0.6827,16.30508315849863,0.5724,196.3,315.0,0,0
jim_herman,2015,293.8,0.6709999999999999,0.7323000000000001,16.873210851656076,0.5802,207.4,315.0,0,0
jimmy_walker,2013,298.5,0.5218,0.6607,19.889506655520645,0.6062,155.8,288.0,1,1
jimmy_walker,2014,301.0,0.5167,0.6759000000000001,21.125902347592163,0.5839,62.6,289.0,1,0
jimmy_walker,2015,301.6,0.5223,0.6609,21.00745449702187,0.5771000000000001,70.2,295.0,1,0
jimmy_walker,2016,301.3,0.4831,0.6396000000000001,21.178072042012378,0.5771000000000001,185.9,289.0,1,0
jimmy_walker,2017,295.7,0.5659000000000001,0.6357,19.668998925974854,0.5725,267.1,286.0,1,0
jimmy_walker,2018,299.0,0.5349,0.619,19.953225303193463,0.5909,202.5,286.0,1,0
joe_durant,2006,289.1,0.7843000000000001,0.6975,18.383568448179176,0.56,305.7,315.0,0,0
joe_ogilvie,2004,288.8,0.6131,0.6307,20.2571273636658,0.6062,148.3,290.0,1,0
joe_ogilvie,2005,284.9,0.6244,0.619,20.899626192829384,0.5847,176.7,315.0,0,0
john_cook,2002,264.0,0.7487,0.6792,19.385730576895984,0.5952000000000001,213.4,315.0,0,0
john_daly,2003,314.3,0.4974,0.6384000000000001,20.916127151076513,0.4972,280.9,315.0,0,0
john_daly,2004,306.0,0.5299,0.6639,21.168451368329546,0.5523,213.7,315.0,0,0
john_daly,2005,310.1,0.4935,0.6279,21.40840307501291,0.5206000000000001,285.7,315.0,0,0
john_huh,2012,288.3,0.6869,0.6644,19.769252975123877,0.5552,128.3,286.0,1,0
john_huh,2013,282.0,0.6853,0.6659999999999999,18.159461969666882,0.5936,225.3,315.0,0,0
john_huston,2002,281.6,0.6906,0.6892,16.487235171826445,0.6238,273.3,315.0,0,0
john_merrick,2008,299.0,0.6523,0.6772,18.617864162471005,0.5449,287.8,280.0,1,1
john_merrick,2009,296.9,0.6147,0.6493000000000001,18.977618396416343,0.5458,206.7,315.0,0,0
john_merrick,2012,293.3,0.6446,0.6912999999999999,18.75551768813647,0.5489999999999999,300.7,315.0,0,0
john_rollins,2002,279.3,0.7278,0.6801,18.982917430328424,0.6179,145.1,302.0,1,0
john_rollins,2003,283.6,0.6692,0.6184000000000001,20.115758040098257,0.5702,154.4,315.0,0,0
john_rollins,2006,295.5,0.6422,0.6612,20.095059249726038,0.5297,184.9,298.0,1,0
john_rollins,2007,290.4,0.6481,0.6364,19.185122002478902,0.59,184.3,315.0,0,0
john_rollins,2009,296.5,0.6585,0.642,21.166838516362755,0.5820000000000001,220.3,315.0,0,0
john_senden,2007,294.2,0.6591,0.7033,18.495152818448886,0.5656,273.2,315.0,0,0
john_senden,2009,294.2,0.6483,0.7089,18.236113895235466,0.5687,184.5,315.0,0,0
john_senden,2011,293.3,0.6681999999999999,0.7086,18.94377875378147,0.5477000000000001,138.1,315.0,0,0
john_senden,2012,291.0,0.6593000000000001,0.6859000000000001,20.344775588587847,0.5737,141.2,291.0,1,0
john_senden,2013,289.3,0.6057,0.6595,19.186560400446975,0.5397,257.3,288.0,1,1
john_senden,2014,288.9,0.6425,0.6785,19.010735782709723,0.6021,78.4,289.0,1,0
johnson_wagner,2007,285.5,0.6418,0.6775,19.1957862853052,0.5311,253.8,295.0,1,0
johnson_wagner,2011,282.2,0.6735,0.6717,18.604409759516695,0.578,167.2,315.0,0,0
jon_rahm,2017,305.8,0.5866,0.6861,20.018151918945964,0.6333,232.9,277.0,1,1
jon_rahm,2018,308.9,0.5920000000000001,0.7012,21.42646377730119,0.5718,234.3,278.0,1,1
jonas_blixt,2013,283.7,0.5654,0.6089,19.760241015736625,0.615,163.5,283.0,1,1
jonas_blixt,2014,286.1,0.5616,0.6111,20.619519642265622,0.5876,135.0,287.0,1,0
jonathan_byrd,2002,290.5,0.6762,0.6434000000000001,20.2245982654786,0.5977,129.1,288.0,1,1
jonathan_byrd,2003,295.3,0.6454000000000001,0.6375,20.883911936650602,0.5811999999999999,214.5,315.0,0,0
jonathan_byrd,2007,292.0,0.5984,0.6355,20.86914763272968,0.5846,140.9,315.0,0,0
jonathan_byrd,2010,290.9,0.6154,0.7,18.275233240645658,0.6165999999999999,236.4,315.0,0,0
jonathan_byrd,2011,291.6,0.6033,0.6565000000000001,19.417220128020386,0.5720000000000001,117.2,290.0,1,0
jonathan_kaye,2003,295.9,0.6365999999999999,0.6748999999999999,18.358883238094847,0.5864,208.7,315.0,0,0
jonathan_kaye,2004,290.9,0.6472,0.6652,19.49095944277757,0.5633,314.8,296.0,1,0
jordan_spieth,2013,289.4,0.6779999999999999,0.6694,18.67053561095664,0.6107,198.0,283.0,1,1
jordan_spieth,2014,289.7,0.5879,0.6247,21.114146389986452,0.6239,152.4,270.0,1,1
jordan_spieth,2015,291.8,0.6291,0.6787000000000001,20.062056779458636,0.6503,105.8,286.0,1,1
jordan_spieth,2016,295.4,0.5814,0.6352,21.30467658624379,0.6393,75.0,287.0,1,0
jordan_spieth,2017,295.6,0.6,0.7001000000000001,19.9667692679612,0.6175999999999999,175.8,275.0,1,1
jordan_spieth,2018,299.8,0.6154999999999999,0.7047,19.67772344556148,0.6163000000000001,224.5,283.0,1,0
josé_maría_olazábal,2002,270.6,0.5779,0.6093,19.867313328401732,0.6307,105.7,288.0,1,1
josé_maría_olazábal,2004,277.7,0.5698,0.625,18.990616103749765,0.6382,96.3,315.0,0,0
josé_maría_olazábal,2005,288.2,0.5915,0.6541,19.132482813558497,0.6303,136.5,284.0,1,1
josé_maría_olazábal,2006,287.2,0.5968,0.6552,19.215417150038665,0.5778,189.5,304.0,1,0
josé_maría_olazábal,2007,276.0,0.505,0.5433,20.70660790933925,0.5499,130.6,315.0,0,0
justin_leonard,2002,278.7,0.7369,0.6759000000000001,19.3698183035131,0.6229,158.0,315.0,0,0
justin_leonard,2003,279.1,0.6823,0.6504000000000001,19.348816501274698,0.6081,125.4,296.0,1,0
justin_leonard,2004,282.9,0.6742,0.6607999999999999,17.701192050254697,0.6185,231.9,287.0,1,0
justin_leonard,2005,285.2,0.6439,0.6533,18.533016484102095,0.5919,205.6,295.0,1,0
justin_leonard,2007,282.7,0.7005,0.648,17.409897508314057,0.5997,229.3,291.0,1,0
justin_leonard,2008,281.4,0.6772,0.6661,17.643024432083948,0.6007,110.1,315.0,0,0
justin_leonard,2009,283.5,0.6881,0.6703,18.406863435354154,0.5981000000000001,132.6,315.0,0,0
justin_rose,2006,291.4,0.64,0.6789000000000001,18.304166192427342,0.5829,212.2,292.0,1,1
justin_rose,2007,288.7,0.6393,0.6573,19.335395651498835,0.5989,208.1,295.0,1,0
justin_rose,2010,287.8,0.6517000000000001,0.6631,18.71528035456589,0.6385000000000001,86.8,283.0,1,0
justin_rose,2011,290.6,0.6327,0.6948000000000001,19.173286755274905,0.5792,201.3,284.0,1,1
justin_rose,2012,290.9,0.6581999999999999,0.7034,18.468924726565856,0.6198,201.3,290.0,1,0
justin_rose,2013,296.6,0.6357,0.6889,17.700437219960918,0.6071,202.3,289.0,1,0
justin_rose,2014,295.1,0.5992000000000001,0.6690999999999999,19.28912647063106,0.6123,181.7,274.0,1,1
justin_rose,2015,303.5,0.6386999999999999,0.7054,19.556602767494038,0.5914,146.3,289.0,1,1
justin_rose,2016,303.9,0.579,0.6792,21.12852899517617,0.581,283.1,279.0,1,1
justin_rose,2017,300.9,0.5832,0.6806,19.918589464367198,0.5897,237.3,282.0,1,0
justin_rose,2018,303.5,0.6602,0.6995,20.27775104640552,0.6303,163.0,315.0,0,0
justin_thomas,2015,303.2,0.5824,0.6892,20.097699149681564,0.6154999999999999,210.3,298.0,1,0
justin_thomas,2016,301.3,0.5394,0.6563,19.657999325974146,0.5556,227.9,290.0,1,0
justin_thomas,2017,309.7,0.5505,0.6716,21.50348931633603,0.6039,172.7,284.0,1,0
justin_thomas,2018,311.8,0.5841,0.6877,21.0260719108444,0.6247,159.4,280.0,1,0
k.j._choi,2002,283.1,0.6520999999999999,0.6552,18.214180506621148,0.5981000000000001,201.8,290.0,1,0
k.j._choi,2003,294.7,0.6175,0.6667000000000001,19.04527449409841,0.5753,225.9,282.0,1,1
k.j._choi,2004,285.0,0.6124,0.6585,18.193985861481202,0.5794,213.3,294.0,1,0
k.j._choi,2005,288.8,0.6498,0.6416,18.61964537122015,0.5817,171.5,315.0,0,0
k.j._choi,2006,287.0,0.6503,0.6812,18.670232862470918,0.589,139.0,300.0,1,0
k.j._choi,2007,284.1,0.6470999999999999,0.6529,20.459281054083988,0.6234000000000001,94.5,298.0,1,0
k.j._choi,2008,286.1,0.6138,0.6548,19.14321928110433,0.5724,123.6,315.0,0,0
k.j._choi,2009,280.1,0.6767,0.6606000000000001,17.938447381098634,0.5600999999999999,211.7,277.0,1,1
k.j._choi,2010,283.1,0.6598999999999999,0.6851999999999999,17.391005657459196,0.6267,226.0,280.0,1,1
k.j._choi,2011,285.6,0.6199,0.6593000000000001,17.915074657952168,0.6087,222.1,315.0,0,0
k.j._choi,2012,282.3,0.6408,0.6357,18.824582535580674,0.5468,317.3,293.0,1,0
k.j._choi,2013,278.3,0.6604000000000001,0.6587000000000001,17.08324821117004,0.6297999999999999,192.8,294.0,1,0
keegan_bradley,2011,300.7,0.615,0.659,19.593464188062534,0.5618,216.8,290.0,1,0
keegan_bradley,2012,302.7,0.6164999999999999,0.6654000000000001,19.933638027214197,0.5755,159.1,297.0,1,0
keegan_bradley,2013,300.6,0.6282,0.6654000000000001,19.577345183769033,0.6088,152.1,315.0,0,0
keegan_bradley,2014,302.2,0.6236,0.6667000000000001,19.465161186078067,0.6231,124.3,286.0,1,0
keegan_bradley,2015,306.1,0.6485,0.6753,20.013615053258118,0.5825,183.2,301.0,1,0
keegan_bradley,2018,299.6,0.679,0.6918000000000001,18.380269463627442,0.5678,289.6,287.0,1,0
keith_mitchell,2018,312.6,0.5859000000000001,0.6942,20.56816428231854,0.5655,332.2,287.0,1,0
ken_duke,2008,284.9,0.6227,0.648,19.64187107445611,0.5782,119.8,288.0,1,0
ken_duke,2013,275.1,0.6928,0.6309,17.41830430897336,0.5692,201.0,315.0,0,0
kenny_perry,2002,286.4,0.6822,0.7076,20.239065634998514,0.596,176.0,297.0,1,0
kenny_perry,2003,295.1,0.6987000000000001,0.6881,17.77857543349423,0.6178,218.8,315.0,0,0
kenny_perry,2004,295.9,0.6248,0.6864,19.128064460368172,0.5431,261.3,292.0,1,0
kenny_perry,2008,296.0,0.6197,0.6747,18.290509150923054,0.5757,197.7,276.0,1,1
kenny_perry,2009,293.1,0.6701,0.6734,18.504112718528276,0.6318,170.1,289.0,1,0
kevin_chappell,2011,295.8,0.59,0.6489,18.600855416410884,0.5846,279.8,294.0,1,0
kevin_chappell,2016,296.3,0.6068,0.6637000000000001,18.613772678673534,0.5915,282.3,285.0,1,1
kevin_chappell,2017,305.0,0.5878,0.6525,20.524464061212417,0.5684,296.8,315.0,0,0
kevin_kisner,2015,287.8,0.6685,0.6624,18.229027828042714,0.6265999999999999,114.8,297.0,1,0
kevin_kisner,2016,289.0,0.6492,0.6518999999999999,19.76830559886203,0.5688,62.4,296.0,1,0
kevin_kisner,2017,289.5,0.6776000000000001,0.6638,18.801524613120552,0.6206,117.2,288.0,1,0
kevin_kisner,2018,290.8,0.6633,0.6537999999999999,19.656890225397635,0.6029,99.3,283.0,1,0
kevin_na,2009,282.7,0.6341,0.6424,19.245657212155102,0.6481999999999999,86.1,315.0,0,0
kevin_na,2010,278.6,0.6646,0.6589,18.764415032922766,0.6445000000000001,128.6,315.0,0,0
kevin_na,2011,279.8,0.5766,0.6103999999999999,20.76595049594408,0.635,74.8,286.0,1,0
kevin_na,2012,281.5,0.6591,0.6203,19.77294876283701,0.613,149.0,301.0,1,0
kevin_na,2014,280.3,0.6431999999999999,0.6472,19.414749547702126,0.6516,133.8,282.0,1,0
kevin_na,2015,280.1,0.6251,0.6456000000000001,20.308365818603484,0.6286999999999999,107.3,303.0,1,0
kevin_na,2016,279.6,0.653,0.6673,19.035729727278646,0.5853,176.5,315.0,0,0
kevin_na,2018,289.6,0.6413,0.6466,19.73188872457193,0.6362,155.2,288.0,1,0
kevin_stadler,2013,289.8,0.6420999999999999,0.6892,18.31388733842284,0.5475,259.8,288.0,1,1
kevin_stadler,2014,291.6,0.6428,0.6890999999999999,18.401796787270527,0.5341,270.0,315.0,0,0
kevin_streelman,2010,290.3,0.6564,0.6667000000000001,19.366666666666667,0.5659000000000001,175.2,315.0,0,0
kevin_streelman,2012,292.8,0.6163000000000001,0.6622,18.805501559088732,0.5821999999999999,176.6,315.0,0,0
kevin_streelman,2013,287.5,0.6725,0.6640999999999999,17.751369274259133,0.5942000000000001,108.6,296.0,1,0
kevin_streelman,2014,288.6,0.6804000000000001,0.6325,20.12783147783188,0.5407,258.7,282.0,1,0
kevin_streelman,2015,289.5,0.6862999999999999,0.6899,19.00474841980288,0.5866,204.9,296.0,1,0
kevin_sutherland,2002,275.0,0.664,0.6799,17.00855758875514,0.5917,228.5,295.0,1,0
kevin_sutherland,2008,291.0,0.6193,0.682,19.181697005218282,0.6043,120.4,294.0,1,0
kevin_tway,2018,310.1,0.5261,0.6688,20.800261466705976,0.5677,187.6,286.0,1,0
kiradech_aphibarnrat,2018,294.7,0.6512,0.622,19.43123698670091,0.5559000000000001,196.7,289.0,1,0
kirk_triplett,2002,275.0,0.7489,0.6609999999999999,17.993578715753014,0.6162,173.8,315.0,0,0
kirk_triplett,2003,281.8,0.7290000000000001,0.6890999999999999,18.095187167064925,0.6245,177.3,286.0,1,1
kirk_triplett,2004,279.1,0.7211,0.6766,18.433185935968854,0.636,147.9,288.0,1,0
kyle_stanley,2011,304.6,0.5952000000000001,0.6820999999999999,19.487904101005835,0.5417000000000001,287.8,315.0,0,0
kyle_stanley,2017,296.5,0.6855,0.7039,18.147543451754935,0.5835,292.3,297.0,1,0
kyle_stanley,2018,295.7,0.7129000000000001,0.7109000000000001,18.675,0.5479999999999999,188.3,283.0,1,0
larry_mize,2005,275.7,0.7016,0.6222,19.66626457922297,0.5882000000000001,165.4,296.0,1,0
larry_mize,2006,278.3,0.7433,0.6416,17.328681427044586,0.6049,126.0,315.0,0,0
lee_janzen,2002,283.7,0.6903,0.6823999999999999,17.965397682458597,0.5550999999999999,166.7,315.0,0,0
lee_westwood,2005,296.8,0.6148,0.6389,19.181697005218282,0.5353,354.9,315.0,0,0
lee_westwood,2012,298.1,0.6217,0.6975,19.47993987770211,0.483,256.8,285.0,1,1
lee_westwood,2013,290.3,0.6259,0.6522,18.194456229851994,0.6157,285.7,287.0,1,1
lee_westwood,2014,292.3,0.6122,0.6369,21.97895781891297,0.5628,168.6,290.0,1,0
lee_westwood,2015,300.0,0.597,0.6645,20.085368119603878,0.5223,182.7,286.0,1,1
len_mattiace,2002,276.9,0.6875,0.6574,19.752411948361587,0.6470999999999999,203.3,281.0,1,1
len_mattiace,2003,278.7,0.6581999999999999,0.6147,19.22466586908021,0.5922,73.4,315.0,0,0
loren_roberts,2002,268.0,0.7303000000000001,0.6823,18.061769016350528,0.6424,109.3,295.0,1,0
louis_oosthuizen,2012,299.5,0.6241,0.6878,19.11712234272373,0.5537,202.1,315.0,0,0
louis_oosthuizen,2014,300.5,0.609,0.6643000000000001,18.81645143071468,0.518,286.6,284.0,1,0
louis_oosthuizen,2015,298.8,0.5984,0.6828,19.010872327872455,0.613,192.0,291.0,1,0
louis_oosthuizen,2016,294.0,0.6167,0.6815000000000001,17.91389319618838,0.5421,172.8,295.0,1,0
louis_oosthuizen,2017,296.3,0.6129,0.6523,19.499628290616783,0.6314,121.3,282.0,1,0
louis_oosthuizen,2018,299.8,0.6481,0.6574,18.105105633494656,0.6426000000000001,241.0,284.0,1,0
lucas_glover,2005,302.2,0.6072,0.6751,20.106359690406418,0.5626,206.9,315.0,0,0
lucas_glover,2006,299.4,0.6369,0.6733,20.088107178129054,0.5623,146.8,298.0,1,0
lucas_glover,2009,297.4,0.6548999999999999,0.6565000000000001,19.421385764151847,0.5809000000000001,214.4,292.0,1,0
lucas_glover,2010,295.7,0.6284000000000001,0.6742,19.476530748570184,0.5415,225.5,315.0,0,0
lucas_glover,2011,294.6,0.6104999999999999,0.6592,19.106273184480536,0.5374,184.7,315.0,0,0
lucas_glover,2013,293.7,0.6162,0.6640999999999999,18.273888475089258,0.5191,315.8,296.0,1,0
luke_donald,2004,279.8,0.6960999999999999,0.6937000000000001,18.467208174972683,0.5995,153.2,283.0,1,1
luke_donald,2005,284.5,0.6434000000000001,0.6843,16.685378496023265,0.6012,107.1,296.0,1,0
luke_donald,2006,283.7,0.6686,0.6605,19.079268562732924,0.6545000000000001,150.6,295.0,1,1
luke_donald,2007,278.4,0.6815000000000001,0.6318,18.523162676917664,0.5743,172.3,315.0,0,0
luke_donald,2009,275.7,0.625,0.6301,19.06304052056987,0.6285000000000001,42.8,315.0,0,0
luke_donald,2010,277.0,0.6236,0.6528,17.89665192151873,0.6541,57.8,278.0,1,1
luke_donald,2011,284.1,0.6429,0.6733,19.17590349892281,0.6371,54.6,291.0,1,0
luke_donald,2012,280.1,0.6516,0.6496,18.723209601395208,0.6265999999999999,20.7,290.0,1,0
luke_donald,2013,278.1,0.6286999999999999,0.6215999999999999,18.949413652611465,0.6152000000000001,73.5,315.0,0,0
luke_donald,2014,278.1,0.6256,0.63,19.491680953393654,0.6059,86.4,315.0,0,0
marc_leishman,2009,298.6,0.5943999999999999,0.6718000000000001,19.3011870676967,0.5739,205.7,315.0,0,0
marc_leishman,2012,289.4,0.552,0.6275999999999999,19.745934620264944,0.5826,324.8,283.0,1,1
marc_leishman,2013,286.6,0.5877,0.6507999999999999,19.2275644872436,0.5764,210.3,315.0,0,0
marc_leishman,2015,294.8,0.5499,0.6562,20.492396506590765,0.5667,172.8,315.0,0,0
marc_leishman,2016,295.0,0.6054999999999999,0.6531,19.2768679740483,0.6034,121.6,296.0,1,0
marc_leishman,2017,298.6,0.5794,0.6704000000000001,20.849565209961682,0.6142,121.1,280.0,1,1
marc_leishman,2018,298.5,0.6017,0.6667000000000001,21.168692553968565,0.5907,199.7,289.0,1,0
mark_calcavecchia,2005,289.3,0.6651,0.6586,19.298469714807265,0.5732,187.4,315.0,0,0
mark_calcavecchia,2006,282.4,0.653,0.6207,19.976968613881333,0.5622,244.3,298.0,1,0
mark_calcavecchia,2007,290.2,0.6509,0.6411,19.743527420397804,0.5635,256.3,315.0,0,0
mark_hensby,2004,284.6,0.6772,0.6325999999999999,20.02739706834948,0.5919,128.0,284.0,1,1
mark_hensby,2005,290.4,0.6265999999999999,0.6291,21.22379187767037,0.5088,225.8,291.0,1,0
mark_o'meara,2002,275.0,0.6601,0.6416,17.10172319127845,0.6,125.4,288.0,1,1
mark_o'meara,2003,277.5,0.6347999999999999,0.6069,17.865198361619164,0.5203,349.3,292.0,1,0
mark_o'meara,2004,272.9,0.67,0.6245,18.99731355276904,0.6173,182.3,293.0,1,0
mark_o'meara,2005,277.1,0.6093,0.5976,19.021937171329313,0.6067,103.7,315.0,0,0
mark_o'meara,2006,274.4,0.5735,0.5943999999999999,20.86180081712346,0.589,110.3,315.0,0,0
mark_wilson,2010,280.6,0.6884999999999999,0.7028,18.14471249887048,0.6215999999999999,212.0,315.0,0,0
mark_wilson,2011,284.8,0.6762999999999999,0.6603,18.131383013989858,0.6297,176.6,315.0,0,0
martin_kaymer,2013,288.4,0.6136,0.6485,18.542240159670268,0.5259,112.7,293.0,1,0
martin_kaymer,2014,294.9,0.6127,0.6457999999999999,20.136747778901906,0.5343,211.1,315.0,0,0
martin_laird,2010,296.5,0.6027,0.6783,18.86687595584742,0.5731,236.5,285.0,1,0
martin_laird,2011,303.0,0.5851,0.6659,20.508323310305013,0.5908,123.6,299.0,1,0
martin_laird,2012,298.2,0.5916,0.653,21.59356822965785,0.5592,207.3,315.0,0,0
mathew_goggin,2008,295.9,0.6491,0.6758,19.726775286256103,0.58,164.1,315.0,0,0
matt_every,2013,288.1,0.5893999999999999,0.6554000000000001,19.29851185252952,0.5652,212.6,315.0,0,0
matt_every,2014,286.3,0.5672,0.6333,20.157086222963873,0.5882000000000001,112.9,315.0,0,0
matt_jones,2013,292.3,0.6474,0.66,19.51576342914164,0.6397999999999999,201.5,315.0,0,0
matt_kuchar,2009,283.2,0.6598999999999999,0.6423000000000001,19.166860506266186,0.6591,87.7,288.0,1,0
matt_kuchar,2010,286.9,0.6789000000000001,0.6936,19.416513912131602,0.6469,61.8,287.0,1,0
matt_kuchar,2011,286.2,0.6475,0.6698000000000001,19.191185476671315,0.6291,108.0,280.0,1,1
matt_kuchar,2012,286.2,0.6506000000000001,0.6537999999999999,18.611968091795127,0.6243,84.7,285.0,1,1
matt_kuchar,2013,284.9,0.5893,0.6584,18.823230328506316,0.6355,97.4,286.0,1,1
matt_kuchar,2014,283.8,0.6737000000000001,0.6692,19.39762544531332,0.624,71.2,290.0,1,0
matt_kuchar,2015,288.5,0.6323,0.6655,20.85380360989333,0.6378,154.6,294.0,1,0
matt_kuchar,2016,285.8,0.6567000000000001,0.6781999999999999,19.528425364637627,0.6151,102.3,283.0,1,1
matt_kuchar,2017,285.4,0.6594,0.6673,19.13576254904239,0.6534,155.2,288.0,1,0
matt_kuchar,2018,288.0,0.6327,0.6681,19.06109322678004,0.636,150.4,280.0,1,0
michael_kim,2018,289.9,0.5489,0.6063000000000001,20.948307807553334,0.5605,169.2,315.0,0,0
michael_thompson,2012,283.4,0.5943,0.6325999999999999,19.206322689416634,0.5539000000000001,129.2,290.0,1,0
miguel_angel_jiménez,2002,274.4,0.6870999999999999,0.625,19.697070848225124,0.5926,252.8,315.0,0,0
mike_weir,2002,280.0,0.6618,0.6951,19.720305384157836,0.5735,255.0,281.0,1,1
mike_weir,2003,289.2,0.6336999999999999,0.6585,19.954500780247265,0.6247,214.3,315.0,0,0
mike_weir,2004,282.1,0.6405,0.6514,19.80168606036701,0.5917,264.3,284.0,1,1
mike_weir,2005,281.3,0.6369,0.6195,19.025570293686336,0.5841,274.5,287.0,1,0
mike_weir,2006,281.2,0.6409999999999999,0.6647,19.54071278766463,0.5867,232.3,298.0,1,0
mike_weir,2007,289.3,0.6382,0.6303,19.559852589764915,0.5844,315.4,290.0,1,0
mike_weir,2008,284.8,0.6246,0.6462,18.220798555496955,0.6227,147.0,294.0,1,0
mike_weir,2009,279.3,0.6325999999999999,0.6303,18.523258652599743,0.6315,131.8,296.0,1,0
mike_weir,2010,273.9,0.5383,0.5789,18.897372226934973,0.588,192.9,315.0,0,0
mike_weir,2013,270.5,0.5507,0.569,20.77961394144645,0.5911,154.4,297.0,1,0
mike_weir,2014,271.2,0.5276,0.5744,19.919169159380118,0.5984,198.6,315.0,0,0
morgan_hoffmann,2014,295.4,0.5409,0.6274000000000001,20.595834530312192,0.5753,119.5,287.0,1,0
nathan_green,2009,283.5,0.6065999999999999,0.6289,20.275768789370233,0.6153,93.3,302.0,1,0
nick_o'hern,2007,279.3,0.6268,0.6021,18.45548698896889,0.5626,219.8,315.0,0,0
nick_price,2002,272.7,0.7637999999999999,0.6443000000000001,17.863123327122835,0.6548999999999999,289.8,293.0,1,0
nick_price,2003,280.1,0.6731999999999999,0.6317,18.189843071676627,0.6204,177.3,286.0,1,1
nick_price,2004,272.8,0.6829000000000001,0.5911,18.784295634918013,0.6223,177.7,315.0,0,0
nick_watney,2007,301.4,0.6102000000000001,0.6648000000000001,19.63289427211383,0.5771000000000001,211.6,288.0,1,0
nick_watney,2008,302.9,0.6121,0.6823,20.307956261032277,0.5719,206.5,285.0,1,0
nick_watney,2009,305.3,0.5781000000000001,0.6609,20.335127379870418,0.5867,110.9,280.0,1,1
nick_watney,2010,296.5,0.6263000000000001,0.6962999999999999,19.2909342553554,0.5550999999999999,137.4,292.0,1,0
nick_watney,2011,301.9,0.5815,0.6688,20.1850191974147,0.6296,62.6,291.0,1,0
nick_watney,2012,296.8,0.5886,0.6643000000000001,19.08088293947636,0.5511,225.8,287.0,1,0
nick_watney,2013,291.2,0.624,0.6848000000000001,18.062057376352968,0.5635,209.7,297.0,1,0
olin_browne,2005,278.9,0.7345999999999999,0.6912,16.62555786449151,0.5909,95.9,297.0,1,0
padraig_harrington,2005,293.9,0.5461,0.6273,20.111240793397105,0.5435,163.4,292.0,1,0
padraig_harrington,2006,294.7,0.6614,0.6522,18.938745961945607,0.6038,202.0,293.0,1,1
padraig_harrington,2007,293.2,0.5752,0.603,19.923489330017805,0.6163000000000001,199.7,286.0,1,1
padraig_harrington,2008,296.3,0.5937,0.6067,19.89943689878909,0.6102000000000001,265.8,288.0,1,0
padraig_harrington,2009,285.8,0.5512,0.612,19.509874422968487,0.6365999999999999,92.2,315.0,0,0
padraig_harrington,2010,292.1,0.5670000000000001,0.619,18.922005212186153,0.612,172.8,315.0,0,0
padraig_harrington,2011,294.7,0.5297999999999999,0.6412,19.3080133047856,0.5984,170.2,284.0,1,1
padraig_harrington,2012,293.6,0.5986,0.6217,19.267107405570194,0.5967,235.6,315.0,0,0
pat_perez,2002,280.5,0.6807,0.6181,21.743261535984484,0.6171,204.6,301.0,1,0
pat_perez,2008,294.2,0.6327,0.6690999999999999,19.38898076227835,0.562,143.8,315.0,0,0
pat_perez,2017,290.9,0.62,0.6617000000000001,20.81927352238785,0.6314,166.4,315.0,0,0
patrick_cantlay,2017,298.9,0.6147,0.6920999999999999,19.9656649720909,0.6015,176.8,315.0,0,0
patrick_cantlay,2018,303.1,0.6158,0.7069,19.66865526669274,0.5758,297.6,278.0,1,1
patrick_reed,2013,292.0,0.5613,0.6379,20.152980548792275,0.6043999999999999,165.4,315.0,0,0
patrick_reed,2014,292.3,0.5559000000000001,0.6364,19.983333333333334,0.5942000000000001,130.8,286.0,1,0
patrick_reed,2015,292.9,0.5478000000000001,0.6442,20.66213767579079,0.6199,116.7,300.0,1,0
patrick_reed,2016,297.4,0.5596,0.6465000000000001,20.225987786618596,0.6396999999999999,146.0,315.0,0,0
patrick_reed,2017,295.6,0.5718,0.6217,21.65603611005486,0.6123,78.8,273.0,1,1
patrick_reed,2018,298.1,0.5511,0.6357,20.953281365934075,0.6294,217.8,286.0,1,0
patton_kizzire,2017,293.0,0.5254,0.6352,19.44694304383082,0.5431,231.3,315.0,0,0
patton_kizzire,2018,298.7,0.5559000000000001,0.6904,18.89326533450478,0.5524,197.1,282.0,1,0
paul_casey,2008,299.2,0.6243,0.6570999999999999,17.967381556587483,0.5202,316.3,286.0,1,0
paul_casey,2010,294.2,0.6131,0.6868000000000001,19.372841277589274,0.6086,49.5,289.0,1,0
paul_casey,2014,293.0,0.6049,0.6577,17.944272376196007,0.5623,122.4,279.0,1,1
paul_casey,2015,297.8,0.6416,0.7236,17.820935897140757,0.5613,209.6,287.0,1,1
paul_casey,2016,295.2,0.6467,0.708,18.772042284412684,0.6144,205.9,284.0,1,1
paul_casey,2017,297.5,0.6413,0.7006,19.320612050346647,0.6412,192.6,283.0,1,0
paul_casey,2018,304.3,0.6314,0.6784,19.194042695586564,0.6058,155.1,315.0,0,0
paul_goydos,2006,274.3,0.7290000000000001,0.6528,17.92008510024436,0.6067,334.3,315.0,0,0
peter_hanson,2013,295.3,0.5631,0.6124,19.51854438732561,0.5832999999999999,81.8,315.0,0,0
peter_lonard,2002,281.4,0.6798000000000001,0.6809999999999999,18.295983013887078,0.6457999999999999,278.3,315.0,0,0
peter_lonard,2003,292.8,0.6234000000000001,0.6426000000000001,18.652347707460315,0.5579,150.0,315.0,0,0
peter_lonard,2004,291.4,0.615,0.6288,17.78833954058419,0.5760000000000001,269.2,315.0,0,0
peter_lonard,2005,289.1,0.6171,0.6429,18.68990291128698,0.5519,214.8,315.0,0,0
peter_lonard,2007,290.9,0.667,0.6461,18.728605683107684,0.5988,297.0,315.0,0,0
phil_mickelson,2002,288.8,0.6627,0.6765000000000001,20.703837540149145,0.6164000000000001,177.4,283.0,1,1
phil_mickelson,2003,306.0,0.4896,0.6484000000000001,21.58914947375185,0.5579999999999999,161.8,279.0,1,1
phil_mickelson,2004,295.4,0.6285000000000001,0.6955,20.349893120112448,0.6467,253.8,285.0,1,1
phil_mickelson,2005,300.0,0.5869,0.6689,22.704801254360277,0.6236,207.4,281.0,1,1
phil_mickelson,2006,300.7,0.5861,0.6828,20.70154476254261,0.5584,200.8,299.0,1,0
phil_mickelson,2007,298.1,0.5694,0.6495000000000001,20.377530517705036,0.5915,147.8,286.0,1,1
phil_mickelson,2008,295.7,0.5527000000000001,0.6581,20.225987786618596,0.6042000000000001,145.9,279.0,1,1
phil_mickelson,2009,300.1,0.5221,0.6429,21.314032056370753,0.5753,185.1,272.0,1,1
phil_mickelson,2010,299.1,0.5266,0.6513,19.379738058658642,0.6184000000000001,191.4,287.0,1,0
phil_mickelson,2011,299.8,0.532,0.6696,19.72470715174809,0.6201,222.6,280.0,1,1
phil_mickelson,2012,294.4,0.5431,0.6414,21.69821421223415,0.6157,109.3,297.0,1,0
phil_mickelson,2013,287.9,0.573,0.6667000000000001,20.79596228170801,0.5855,84.8,315.0,0,0
phil_mickelson,2014,292.4,0.5801,0.6526000000000001,19.951029213217712,0.6171,125.8,274.0,1,1
phil_mickelson,2015,300.5,0.5598,0.6151,22.46019318211172,0.5938,158.3,315.0,0,0
phil_mickelson,2016,294.8,0.5482,0.6605,20.94045501535246,0.6431999999999999,48.8,290.0,1,0
phil_mickelson,2017,293.5,0.5505,0.6285000000000001,20.740855682551878,0.6,110.5,290.0,1,0
phil_mickelson,2018,300.3,0.5291,0.6487999999999999,21.68794109381729,0.5836,107.5,282.0,1,0
phil_tataurangi,2002,288.6,0.6165999999999999,0.6634,18.465261980269872,0.5835,105.1,297.0,1,0
rafa_cabrera_bello,2017,291.7,0.6143,0.6269,20.48263654903831,0.598,130.3,291.0,1,0
rafa_cabrera_bello,2018,295.1,0.6785,0.7016,19.243635311447782,0.5798,185.2,286.0,1,0
retief_goosen,2002,279.8,0.6861,0.6889,19.311371326241957,0.6107,133.8,289.0,1,0
retief_goosen,2003,299.4,0.615,0.6979000000000001,19.161479153064704,0.5805,214.2,288.0,1,0
retief_goosen,2004,294.2,0.625,0.6869,19.566344137744963,0.6613,103.6,283.0,1,1
retief_goosen,2005,295.4,0.5916,0.674,19.76397123626165,0.5615,139.9,284.0,1,1
retief_goosen,2006,297.6,0.5728,0.6546,19.436545189124764,0.5737,197.6,291.0,1,1
retief_goosen,2007,292.9,0.5355,0.5891,19.13856838951127,0.5437,216.3,290.0,1,0
retief_goosen,2008,287.1,0.5679,0.5939,18.548537678210646,0.5802,245.1,315.0,0,0
retief_goosen,2009,292.3,0.5959,0.6233,18.880823457795596,0.598,119.7,294.0,1,0
retief_goosen,2010,291.4,0.6479,0.6596,19.116392925241474,0.6391,69.7,315.0,0,0
rich_beem,2002,292.1,0.6491,0.6684,19.87439944934745,0.5820000000000001,257.4,290.0,1,0
rich_beem,2003,293.6,0.6265,0.632,19.66458904986321,0.5235,288.8,315.0,0,0
rich_beem,2004,296.7,0.6172,0.6371,19.839059257490565,0.5328,337.1,315.0,0,0
rich_beem,2005,288.0,0.58,0.6335000000000001,18.604604604774586,0.5257000000000001,321.9,296.0,1,0
rich_beem,2006,295.6,0.6324000000000001,0.662,19.244629932789042,0.5366,266.3,308.0,1,0
rickie_fowler,2010,292.7,0.6419,0.6990000000000001,17.357499999999998,0.5951,170.8,289.0,1,0
rickie_fowler,2011,299.5,0.5670000000000001,0.6446999999999999,19.73464973086677,0.5502,118.9,290.0,1,0
rickie_fowler,2012,293.2,0.6443000000000001,0.6498999999999999,19.216908570319006,0.5679,229.1,292.0,1,0
rickie_fowler,2013,286.4,0.6227,0.6359,19.191314767362865,0.5959,88.0,286.0,1,1
rickie_fowler,2014,297.5,0.5992999999999999,0.6451,20.434427648782666,0.6206,98.6,282.0,1,0
rickie_fowler,2015,296.8,0.6208,0.6581,20.012881511388834,0.611,70.9,315.0,0,0
rickie_fowler,2016,301.6,0.5869,0.6926000000000001,19.387578014027437,0.6221,130.9,287.0,1,0
rickie_fowler,2017,300.3,0.6391,0.6703,20.77956854099719,0.6386,73.3,274.0,1,1
rickie_fowler,2018,299.8,0.6533,0.6951999999999999,19.486718678656782,0.6305,114.6,278.0,1,1
ricky_barnes,2009,292.6,0.583,0.6817,17.589714679323254,0.5178,372.6,283.0,1,1
ricky_barnes,2010,285.5,0.5837,0.6823,18.437990972747304,0.5959,226.5,285.0,1,0
robert_allenby,2002,286.7,0.7098,0.6947,21.225731239857595,0.5949,285.1,297.0,1,0
robert_allenby,2003,294.8,0.6777,0.6931,19.39691950055758,0.595,249.8,315.0,0,0
robert_allenby,2004,294.9,0.6498,0.7033,18.331519853489752,0.5596,288.4,315.0,0,0
robert_allenby,2005,297.7,0.6227,0.6948000000000001,19.087435221457422,0.5399,247.5,291.0,1,0
robert_allenby,2006,293.9,0.6933,0.6789000000000001,19.840699979951424,0.5618,167.7,315.0,0,0
robert_allenby,2007,299.6,0.6085,0.6829000000000001,18.585,0.5335,310.2,299.0,1,0
robert_allenby,2008,291.7,0.6564,0.7040000000000001,18.308996422524093,0.5526,255.4,289.0,1,0
robert_allenby,2009,293.1,0.6694,0.6809999999999999,16.76586479195816,0.6045,329.6,298.0,1,0
robert_allenby,2010,289.1,0.6475,0.6817,19.31358966720929,0.5637,205.1,315.0,0,0
robert_garrigus,2011,313.4,0.5297,0.6613,19.70550164646637,0.5356000000000001,296.5,315.0,0,0
robert_garrigus,2012,310.3,0.5658,0.6923,19.239807907911484,0.5558,271.1,292.0,1,0
robert_karlsson,2011,299.2,0.5678,0.6336999999999999,19.914600555315637,0.6041,148.0,296.0,1,0
robert_streb,2014,300.0,0.5962,0.6565000000000001,19.253181555265094,0.59,214.8,315.0,0,0
robert_streb,2015,297.1,0.5947,0.6914,20.272671310987437,0.5957,103.3,315.0,0,0
roberto_castro,2013,282.3,0.6736,0.6729999999999999,18.35264649398918,0.6147,277.0,315.0,0,0
roberto_castro,2016,284.2,0.6937000000000001,0.6912999999999999,18.37590610010837,0.6011,225.6,315.0,0,0
rocco_mediate,2002,277.3,0.7437,0.6925,18.12043291118865,0.6107,150.6,295.0,1,0
rocco_mediate,2003,280.5,0.7232,0.6731999999999999,18.370740246985754,0.5615,258.8,315.0,0,0
rocco_mediate,2005,287.7,0.6575,0.6545000000000001,18.258509127405652,0.6035,359.3,294.0,1,0
rocco_mediate,2008,278.6,0.6466,0.6258,18.04077234119057,0.5683,258.4,298.0,1,0
rod_pampling,2004,292.1,0.5982,0.6613,19.747948557311524,0.6073,187.8,284.0,1,1
rod_pampling,2005,295.9,0.6029,0.6561,20.096544755532253,0.5596,225.3,289.0,1,0
rod_pampling,2006,288.2,0.6046,0.625,20.068885276716294,0.5820000000000001,86.4,302.0,1,0
rod_pampling,2016,287.7,0.6395000000000001,0.64,17.361263714884863,0.6173,284.3,315.0,0,0
rory_mcilroy,2010,300.0,0.6264,0.6624,19.03806450246453,0.6013000000000001,218.9,284.0,1,0
rory_mcilroy,2012,310.1,0.5661,0.6636,19.482684833803923,0.6024,167.0,290.0,1,0
rory_mcilroy,2013,302.2,0.5792,0.6545000000000001,20.481291887015114,0.5468,198.4,288.0,1,1
rory_mcilroy,2014,310.5,0.5992999999999999,0.6944,20.838947510211103,0.5852,90.1,276.0,1,1
rory_mcilroy,2016,306.8,0.6106,0.6962,20.45404245565599,0.5870000000000001,287.3,285.0,1,1
rory_mcilroy,2017,317.2,0.5506,0.6563,20.790450933060594,0.6229,307.6,279.0,1,1
rory_mcilroy,2018,319.7,0.5579,0.6629999999999999,20.184353641978344,0.6297,187.1,283.0,1,0
rory_sabbatini,2004,292.2,0.5915,0.6492,20.030836609532262,0.6317,223.1,315.0,0,0
rory_sabbatini,2005,297.2,0.5563,0.6097,19.059913868290874,0.5748,223.5,294.0,1,0
rory_sabbatini,2006,290.4,0.5649000000000001,0.6452,18.861472194219978,0.5943,218.9,291.0,1,1
rory_sabbatini,2007,289.9,0.5914,0.616,20.4985767798645,0.6392,85.0,315.0,0,0
rory_sabbatini,2008,292.0,0.6199,0.6607999999999999,19.091717517755647,0.5625,276.8,286.0,1,0
rory_sabbatini,2009,293.2,0.5789,0.6556000000000001,19.917469718817195,0.5685,212.2,315.0,0,0
rory_sabbatini,2010,289.1,0.6028,0.6674,20.642179663252612,0.5648,238.5,315.0,0,0
rory_sabbatini,2011,292.5,0.5674,0.6584,18.979432782620243,0.5822999999999999,214.4,315.0,0,0
russell_henley,2013,289.0,0.6468,0.6425,19.289317261548337,0.5717,71.9,293.0,1,0
russell_henley,2014,293.7,0.6367,0.6184000000000001,20.494569368764765,0.5236999999999999,84.3,285.0,1,0
russell_henley,2016,295.6,0.6315,0.6827,17.82602529387238,0.6106,117.7,287.0,1,0
russell_henley,2017,298.0,0.6365999999999999,0.6781,20.031817191657876,0.5711999999999999,84.6,283.0,1,0
russell_knox,2015,284.4,0.6776000000000001,0.7082999999999999,16.70688256378191,0.5992000000000001,204.6,315.0,0,0
russell_knox,2016,285.8,0.6851,0.6973,17.73884626086676,0.6186,222.1,315.0,0,0
ryan_moore,2009,295.9,0.6546,0.6614,20.322691990044586,0.612,120.5,286.0,1,0
ryan_moore,2010,289.7,0.6799,0.6667000000000001,19.007964120336506,0.6076,98.2,288.0,1,0
ryan_moore,2012,287.6,0.6575,0.6635,19.58772645760038,0.5677,103.3,292.0,1,0
ryan_moore,2013,282.3,0.6844,0.6431999999999999,18.92267158727858,0.5768,221.0,315.0,0,0
ryan_moore,2014,284.7,0.6992,0.6799,18.786346105616175,0.5764,219.3,282.0,1,0
ryan_moore,2015,282.6,0.7005,0.6524,19.53675055433278,0.6025,196.0,315.0,0,0
ryan_moore,2016,283.2,0.6652,0.6578,18.436919181058663,0.6012,103.8,286.0,1,1
ryan_moore,2017,288.0,0.679,0.6505,19.172397965564972,0.5674,218.0,288.0,1,0
ryan_palmer,2004,295.6,0.6324000000000001,0.655,20.398505391871783,0.5765,206.8,295.0,1,0
ryan_palmer,2009,297.1,0.6123,0.6537999999999999,19.884695399002492,0.5617,144.8,315.0,0,0
ryan_palmer,2010,295.8,0.5722999999999999,0.6548,19.81040094033098,0.5556,84.8,282.0,1,1
ryan_palmer,2011,299.5,0.5376,0.6375,20.720234675311957,0.5996,210.3,315.0,0,0
ryan_palmer,2014,300.4,0.5855,0.6667000000000001,20.494035378887954,0.5824,112.8,288.0,1,0
ryo_ishikawa,2012,290.0,0.5328,0.5961,18.584509678762043,0.5444,166.9,292.0,1,0
ryuji_imada,2008,278.6,0.5964,0.6139,19.871168393764194,0.6007,129.3,286.0,1,0
sangmoon_bae,2013,285.3,0.5839,0.6372,20.20043378247111,0.5185,172.7,315.0,0,0
sangmoon_bae,2014,288.5,0.6139,0.6294,21.195806860608588,0.574,132.8,288.0,1,0
satoshi_kodaira,2018,293.6,0.6553,0.603,18.350964552306237,0.5102,330.8,294.0,1,0
scott_hoch,2002,270.0,0.6981,0.6507,18.495230015691433,0.6265,143.3,315.0,0,0
scott_mccarron,2002,285.5,0.6537999999999999,0.6678000000000001,20.714050619218725,0.5694,183.9,293.0,1,0
scott_piercy,2012,304.5,0.5606,0.6573,20.097203025407403,0.599,197.7,297.0,1,0
scott_piercy,2015,296.7,0.593,0.6673,19.40939581319659,0.5863,224.4,295.0,1,0
scott_piercy,2016,297.9,0.5941,0.6733,19.55732535394347,0.5729,288.0,315.0,0,0
scott_stallings,2011,303.7,0.5690999999999999,0.6659999999999999,18.402722020879892,0.5352,217.8,290.0,1,0
scott_stallings,2013,295.7,0.5872999999999999,0.6463,19.405223523577355,0.5507,167.8,315.0,0,0
scott_verplank,2002,268.5,0.7852,0.6858,18.156421040502448,0.6098,147.5,288.0,1,1
scott_verplank,2003,275.5,0.7221,0.6742,18.37164466719781,0.6057,152.0,293.0,1,0
scott_verplank,2004,278.0,0.7713,0.685,18.39623731153255,0.6182,134.8,289.0,1,0
scott_verplank,2005,281.2,0.7148,0.6647,19.759999999999998,0.5722999999999999,222.8,289.0,1,0
scott_verplank,2006,276.1,0.7523000000000001,0.6602,17.589020407313445,0.6255,184.2,301.0,1,0
scott_verplank,2007,279.6,0.7142000000000001,0.6433,17.826458741152152,0.6114999999999999,245.9,315.0,0,0
scott_verplank,2009,281.1,0.7140000000000001,0.67,18.710879188322497,0.5932,171.8,287.0,1,0
sean_o'hair,2005,300.1,0.6141,0.6723,19.58969882361646,0.5771000000000001,180.9,315.0,0,0
sean_o'hair,2007,296.8,0.6470999999999999,0.6712,18.93129815939731,0.6017,200.5,289.0,1,0
sean_o'hair,2008,291.1,0.6043999999999999,0.6446999999999999,17.38297217186341,0.5579,179.8,281.0,1,1
sean_o'hair,2009,293.3,0.616,0.6784,19.2085434731817,0.575,230.3,291.0,1,0
sean_o'hair,2010,289.3,0.6397999999999999,0.6822,18.23825598158991,0.6183,216.5,315.0,0,0
sean_o'hair,2011,294.6,0.5578,0.6317,18.493066061665143,0.5474,223.8,291.0,1,0
sean_o'hair,2016,302.2,0.5884,0.6717,20.668403875239132,0.5779,127.5,315.0,0,0
sergio_garcia,2002,290.5,0.6831,0.6454000000000001,19.87174784713212,0.5794,286.3,294.0,1,0
sergio_garcia,2003,300.9,0.5736,0.6607999999999999,17.911432103547725,0.523,313.8,285.0,1,1
sergio_garcia,2004,295.1,0.5848,0.7082999999999999,18.958174504829188,0.5297999999999999,377.4,315.0,0,0
sergio_garcia,2005,303.5,0.5943999999999999,0.7181000000000001,18.52399854842961,0.5942000000000001,317.3,298.0,1,0
sergio_garcia,2006,292.7,0.6111,0.6747,19.628974243732433,0.528,311.3,315.0,0,0
sergio_garcia,2007,294.2,0.5628,0.6456000000000001,19.358637607021834,0.5796,189.6,315.0,0,0
sergio_garcia,2008,294.6,0.5939,0.6706,18.777514534233045,0.5759000000000001,250.0,289.0,1,0
sergio_garcia,2009,298.5,0.5961,0.6561,17.7857620959388,0.5794,182.7,298.0,1,0
sergio_garcia,2010,292.7,0.6375,0.6613,18.453526085818936,0.5457,238.3,288.0,1,0
sergio_garcia,2011,299.2,0.58,0.6685,18.747914550690695,0.6015999999999999,242.3,286.0,1,0
sergio_garcia,2012,292.4,0.6114999999999999,0.6498,19.980647512030234,0.5836,123.8,285.0,1,1
sergio_garcia,2013,291.0,0.6128,0.6746,19.5927333468304,0.5745,116.3,315.0,0,0
sergio_garcia,2014,294.3,0.6219,0.6868000000000001,18.61325334271255,0.6667000000000001,153.7,283.0,1,0
sergio_garcia,2015,300.0,0.5947,0.6756,22.1604021849785,0.5841,154.9,296.0,1,0
sergio_garcia,2016,299.9,0.6175999999999999,0.7015,20.743962977213393,0.5766,273.3,279.0,1,1
sergio_garcia,2017,301.9,0.6233,0.6962,19.470671052893888,0.6164999999999999,295.0,315.0,0,0
seung-yul_noh,2014,296.5,0.5502,0.6697,19.012957843855393,0.6033,190.2,289.0,1,0
shane_lowry,2016,298.7,0.6185,0.6451,19.05254670932763,0.5390999999999999,213.4,315.0,0,0
shane_lowry,2018,300.7,0.612,0.6865000000000001,18.89346067426505,0.5347999999999999,279.8,315.0,0,0
shaun_micheel,2003,288.9,0.6441,0.6879000000000001,18.52065851061097,0.5700999999999999,253.3,290.0,1,0
shaun_micheel,2004,287.5,0.6311,0.6697,18.992371001273117,0.5693,257.8,315.0,0,0
shaun_micheel,2005,288.4,0.621,0.6505,19.1957862853052,0.5493,229.8,315.0,0,0
shaun_micheel,2006,288.4,0.6179,0.6762,18.625058165457276,0.5627,120.2,315.0,0,0
shaun_micheel,2007,284.4,0.6772,0.6604000000000001,17.674756402533216,0.5725,268.3,315.0,0,0
shigeki_maruyama,2002,280.0,0.6506000000000001,0.6392,18.75257376779696,0.5992999999999999,125.8,315.0,0,0
shigeki_maruyama,2003,278.9,0.6697,0.649,18.57822859633764,0.6015,146.8,315.0,0,0
shigeki_maruyama,2004,280.1,0.637,0.6455,19.609041352849914,0.6133,57.9,315.0,0,0
shigeki_maruyama,2005,288.8,0.6165999999999999,0.6542,18.08621328833405,0.6098,122.3,315.0,0,0
si_woo_kim,2016,293.5,0.6284000000000001,0.6483,20.597717241373026,0.6232,205.2,315.0,0,0
si_woo_kim,2017,289.8,0.5703,0.5963,20.864787222335462,0.5540999999999999,314.1,287.0,1,0
si_woo_kim,2018,290.8,0.6068,0.6378,20.05754440354053,0.5722999999999999,209.1,283.0,1,0
stephen_ames,2004,287.9,0.6503,0.6842,18.597780781587893,0.6019,110.8,297.0,1,0
stephen_ames,2005,285.8,0.6101,0.6203,18.904008705533567,0.6056,153.6,287.0,1,0
stephen_ames,2006,289.8,0.6297999999999999,0.6648999999999999,19.025115636967886,0.5909,104.9,299.0,1,0
stephen_ames,2007,282.2,0.6707,0.6494,17.67083001257534,0.5849,118.3,292.0,1,0
stephen_ames,2008,283.8,0.6272,0.6504000000000001,17.26766848766793,0.5871999999999999,111.3,286.0,1,0
steve_elkington,2002,280.5,0.6345000000000001,0.6267,20.021348605925624,0.6131,147.0,315.0,0,0
steve_flesch,2003,285.7,0.6525,0.6635,19.434001132036606,0.6043999999999999,157.3,289.0,1,0
steve_flesch,2004,279.9,0.6583,0.6577,20.081635267079225,0.575,127.9,292.0,1,0
steve_flesch,2007,287.5,0.6356,0.6583,18.140108415699544,0.5805,303.7,286.0,1,1
steve_flesch,2008,281.9,0.6098,0.6462,18.17635758341038,0.5934,276.5,280.0,1,1
steve_flesch,2009,284.4,0.6301,0.6667000000000001,17.91801746845895,0.6082,273.6,294.0,1,0
steve_lowery,2002,280.5,0.6833,0.6661,19.606384376863915,0.5769,324.1,315.0,0,0
steve_lowery,2007,292.0,0.6333,0.6629,19.298021361585807,0.5611999999999999,256.3,315.0,0,0
steve_marino,2009,295.7,0.6341,0.6826000000000001,18.922771720425455,0.5996,171.1,286.0,1,0
steve_marino,2010,290.6,0.6196,0.6748999999999999,19.911384166964492,0.5633,149.4,290.0,1,0
steve_stricker,2006,285.3,0.6698000000000001,0.6801,17.459614034171032,0.6555,58.8,315.0,0,0
steve_stricker,2007,283.7,0.6373,0.6583,17.814568320463014,0.6098,117.9,315.0,0,0
steve_stricker,2008,283.6,0.5625,0.6381,18.149449027449844,0.6183,153.3,280.0,1,1
steve_stricker,2009,286.1,0.6681999999999999,0.6667000000000001,18.386280683191778,0.6646,168.6,291.0,1,0
steve_stricker,2010,282.9,0.685,0.6829000000000001,18.03676800316509,0.6375,89.0,283.0,1,0
steve_stricker,2011,288.8,0.6247,0.6602,20.060677487313335,0.6493000000000001,54.0,295.0,1,0
steve_stricker,2012,285.4,0.6331,0.6833,17.75296954815666,0.6015,134.1,289.0,1,0
steve_stricker,2013,283.6,0.7065,0.7116,19.070118641476775,0.6557,86.8,293.0,1,0
steve_stricker,2016,278.0,0.6323,0.63,19.33207337848455,0.6601,105.9,288.0,1,0
steven_bowditch,2013,300.2,0.5304,0.6197,21.590083661255232,0.6247,205.3,292.0,1,0
steven_bowditch,2015,302.1,0.5404,0.6343,19.9574043625139,0.6518999999999999,181.7,315.0,0,0
stewart_cink,2003,288.0,0.5918,0.6522,18.27577145354532,0.6325999999999999,92.9,289.0,1,0
stewart_cink,2004,290.5,0.5871,0.6638,19.733704353212552,0.644,85.5,289.0,1,0
stewart_cink,2005,285.5,0.6062,0.6574,18.735742264304463,0.5946,73.5,286.0,1,1
stewart_cink,2006,292.0,0.5972,0.649,18.509830327423316,0.6061,47.7,297.0,1,0
stewart_cink,2007,294.7,0.5647,0.6616,18.850559360253598,0.569,127.3,284.0,1,1
stewart_cink,2008,296.9,0.5527000000000001,0.6694,19.3096705046979,0.556,128.3,315.0,0,0
stewart_cink,2009,294.7,0.5858,0.6347,18.481256928003813,0.575,117.5,315.0,0,0
stewart_cink,2010,292.4,0.6397999999999999,0.6861,19.238903944871705,0.5708,195.8,315.0,0,0
stewart_cink,2011,291.8,0.5658,0.6431,18.850296103627777,0.5708,174.8,296.0,1,0
stewart_cink,2012,288.8,0.5343,0.6426000000000001,18.73437623135016,0.529,172.0,290.0,1,0
stewart_cink,2013,290.0,0.5719,0.6776000000000001,18.0936231860841,0.5316,232.5,289.0,1,0
stewart_cink,2018,298.1,0.5760000000000001,0.6858,18.655281088742672,0.5569,263.3,315.0,0,0
stuart_appleby,2002,289.0,0.6383,0.6568,18.80446099924755,0.5845,324.7,315.0,0,0
stuart_appleby,2003,294.4,0.616,0.6536,19.314640873786217,0.617,118.8,290.0,1,0
stuart_appleby,2004,293.2,0.6252,0.6509999999999999,19.856542530108307,0.6102000000000001,188.6,296.0,1,0
stuart_appleby,2005,300.6,0.5931000000000001,0.6688,18.413798324897556,0.5932999999999999,182.7,290.0,1,0
stuart_appleby,2006,289.7,0.5962,0.6353,20.635705857808695,0.5918,177.7,293.0,1,1
stuart_appleby,2007,290.9,0.6043,0.6157,18.797151435346084,0.5842,261.8,289.0,1,0
stuart_appleby,2008,290.9,0.5819,0.619,19.569568211894712,0.6024,127.2,287.0,1,0
stuart_appleby,2010,289.0,0.5975,0.6184000000000001,19.122073142052354,0.5882000000000001,237.7,315.0,0,0
"ted_potter,_jr.",2012,284.5,0.6418,0.6332,19.080764019177934,0.556,156.3,315.0,0,0
ted_purdy,2004,289.2,0.7008,0.6736,19.08987469765641,0.5851,243.6,315.0,0,0
ted_purdy,2005,295.2,0.6335000000000001,0.6507,19.2950668889745,0.5489,305.0,293.0,1,0
thomas_levet,2005,287.2,0.5688,0.6132,19.166666666666668,0.5149,378.3,315.0,0,0
tiger_woods,2002,293.3,0.6751999999999999,0.7395999999999999,19.72421081719396,0.6967,205.3,290.0,1,0
tiger_woods,2003,299.5,0.6271,0.6862999999999999,20.32637722544554,0.6015999999999999,134.8,290.0,1,0
tiger_woods,2004,301.9,0.5613,0.669,20.93819907622324,0.6107,40.5,276.0,1,1
tiger_woods,2005,316.1,0.5458,0.6989,21.565802146505522,0.6209,95.3,284.0,1,1
tiger_woods,2006,306.4,0.6071,0.7415,18.754224820320115,0.6281,119.2,291.0,1,1
tiger_woods,2007,302.4,0.5982999999999999,0.7101999999999999,18.190527296736985,0.6102000000000001,98.7,283.0,1,1
tiger_woods,2009,298.4,0.6429,0.6846,19.941722819951586,0.6818000000000001,87.9,277.0,1,1
tiger_woods,2012,297.4,0.6393,0.6758,18.896407911146618,0.6317,118.8,283.0,1,1
tiger_woods,2018,303.6,0.5935,0.674,19.70206898328757,0.6416,157.6,275.0,1,1
tim_clark,2002,275.7,0.7434999999999999,0.6643000000000001,17.40422937104657,0.6061,305.2,289.0,1,0
tim_clark,2003,273.3,0.7395,0.6501,16.326129895388902,0.5772999999999999,187.7,315.0,0,0
tim_clark,2004,278.8,0.7201000000000001,0.6581,16.808749953521232,0.6053999999999999,206.3,295.0,1,0
tim_clark,2005,283.8,0.6577,0.6424,19.740891183586978,0.5821000000000001,204.5,283.0,1,1
tim_clark,2006,276.7,0.6727,0.6596,17.718871295881122,0.5909,169.2,296.0,1,0
tim_clark,2007,278.1,0.6895,0.6137,17.52803357798904,0.636,45.1,315.0,0,0
tim_clark,2008,281.1,0.6498,0.6361,17.556636209707143,0.5832,165.1,282.0,1,0
tim_clark,2009,280.1,0.7406,0.6695,17.173972959749946,0.6293,106.5,315.0,0,0
tim_clark,2010,272.2,0.7372,0.6673,16.117885833756237,0.6267,105.7,315.0,0,0
tim_clark,2012,276.7,0.716,0.6426000000000001,16.911801168119258,0.5803,215.4,286.0,1,0
tim_clark,2013,273.9,0.7031000000000001,0.6202000000000001,17.706829426335293,0.6019,156.9,315.0,0,0
tim_herron,2003,290.9,0.6526000000000001,0.6581999999999999,20.185050006130776,0.6158,106.7,315.0,0,0
tim_herron,2004,293.8,0.5796,0.6513,18.6490179961901,0.5835,132.9,286.0,1,0
tim_herron,2005,292.1,0.6161,0.6526000000000001,20.6397639413719,0.6171,201.1,294.0,1,0
tim_herron,2006,294.8,0.5828,0.6262,18.678071292888415,0.5523,315.4,302.0,1,0
tim_petrovic,2003,284.2,0.6767,0.6559,19.070332980837012,0.6097,132.8,300.0,1,0
todd_hamilton,2004,283.5,0.5872999999999999,0.6269,19.3786744186031,0.5871,121.0,295.0,1,0
todd_hamilton,2005,287.2,0.6192,0.6368,18.88268342512084,0.5311,235.8,315.0,0,0
todd_hamilton,2006,283.6,0.5632,0.5687,19.883842686965714,0.5134000000000001,241.3,315.0,0,0
todd_hamilton,2007,288.7,0.5706,0.5694,18.067130202386878,0.5075999999999999,204.3,295.0,1,0
todd_hamilton,2008,284.0,0.6687000000000001,0.6297999999999999,18.493631336219504,0.5383,177.2,283.0,1,0
todd_hamilton,2009,284.8,0.6459999999999999,0.6365,18.129189171057817,0.5774,193.5,315.0,0,0
tom_byrum,2002,270.5,0.7506999999999999,0.6609,15.779340352005985,0.6596,248.8,315.0,0,0
tom_lehman,2002,283.0,0.6814,0.7034,15.689769357769416,0.562,237.0,315.0,0,0
tom_lehman,2004,287.2,0.6966,0.7138,18.0005869695963,0.6118,302.5,287.0,1,0
tom_lehman,2005,285.9,0.6429,0.6758,18.780673077661515,0.5678,313.1,315.0,0,0
tom_pernice_jr.,2006,283.9,0.6528,0.6453,20.785099664316153,0.5858,179.5,297.0,1,0
tommy_fleetwood,2018,306.9,0.6498,0.6936,21.667585717687455,0.5577000000000001,167.5,286.0,1,0
tony_finau,2017,309.2,0.5753,0.6896,20.875110911215675,0.5938,289.2,281.0,1,1
tony_finau,2018,315.1,0.5509000000000001,0.7018000000000001,20.709956743878852,0.5722,204.9,277.0,1,1
trevor_immelman,2006,294.9,0.6208,0.6906,18.68686938735325,0.6053999999999999,183.2,309.0,1,0
trevor_immelman,2007,286.6,0.6485,0.6552,17.33712400457469,0.5616,260.0,280.0,1,1
trevor_immelman,2008,291.3,0.6245,0.6307,17.12899209349134,0.5288,324.1,286.0,1,0
trevor_immelman,2010,286.4,0.6406999999999999,0.6606000000000001,17.00800007839448,0.5952000000000001,181.8,284.0,1,0
trevor_immelman,2011,288.5,0.6174000000000001,0.6812,18.271666514640152,0.5809000000000001,166.4,301.0,1,0
trevor_immelman,2012,290.9,0.597,0.6345000000000001,18.838366657789976,0.5660000000000001,312.2,295.0,1,0
trevor_immelman,2013,283.6,0.6119,0.6651,17.0216558756779,0.5913,303.7,315.0,0,0
trevor_immelman,2014,291.8,0.585,0.6528,18.95815391856496,0.546,314.2,315.0,0,0
troy_matteson,2006,298.7,0.5945,0.6634,20.32751282812971,0.5768,247.3,315.0,0,0
troy_merritt,2015,285.2,0.6283,0.6336999999999999,18.609764928511172,0.6183,108.9,299.0,1,0
tyrrell_hatton,2018,298.8,0.6184000000000001,0.6646,19.07525753430344,0.6258,163.3,292.0,1,0
vaughn_taylor,2005,290.3,0.6420999999999999,0.6566,19.57202975194732,0.5784,272.1,315.0,0,0
vaughn_taylor,2006,286.6,0.6331,0.6408,20.5837682815044,0.5536,196.4,295.0,1,1
vaughn_taylor,2007,283.6,0.642,0.6418,18.64373487260533,0.5437,184.1,315.0,0,0
vijay_singh,2002,285.6,0.6783,0.7062999999999999,18.24571730571314,0.6297999999999999,173.2,287.0,1,1
vijay_singh,2003,301.9,0.6341,0.6947,19.58154488287377,0.6486,214.5,286.0,1,1
vijay_singh,2004,300.8,0.6036,0.7303000000000001,19.430635604632183,0.6236,253.7,284.0,1,1
vijay_singh,2005,301.1,0.602,0.7054,20.574211777800326,0.6419,166.8,285.0,1,1
vijay_singh,2006,293.7,0.594,0.6783,19.915591881739292,0.6028,254.1,296.0,1,0
vijay_singh,2007,293.8,0.5966,0.6622,19.56146779314431,0.5888,252.9,289.0,1,0
vijay_singh,2008,297.8,0.5945,0.6845,18.393238567473645,0.5892000000000001,312.3,287.0,1,0
vijay_singh,2009,293.9,0.6089,0.6618,18.16530528155864,0.5571,341.0,315.0,0,0
vijay_singh,2010,292.3,0.6328,0.6862,18.233639241797015,0.5646,366.8,315.0,0,0
vijay_singh,2011,294.3,0.5967,0.6646,18.890900807884556,0.5722999999999999,276.9,290.0,1,0
vijay_singh,2012,295.4,0.6162,0.6622,18.95495880223548,0.593,277.0,292.0,1,0
vijay_singh,2013,288.1,0.6231,0.6912999999999999,15.61238919985592,0.5722999999999999,313.9,295.0,1,0
vijay_singh,2014,289.7,0.6065999999999999,0.6539,17.943905670016335,0.5919,323.3,295.0,1,0
vijay_singh,2015,290.6,0.6006,0.6624,18.63236431588863,0.6097,329.6,315.0,0,0
vijay_singh,2016,289.8,0.5672999999999999,0.6273,20.17346648446915,0.5652,212.2,315.0,0,0
webb_simpson,2011,296.2,0.6193,0.6984,19.56612492151791,0.6222,133.4,294.0,1,0
webb_simpson,2012,288.6,0.6147,0.6747,20.211160833119465,0.5865,180.8,315.0,0,0
webb_simpson,2013,285.4,0.633,0.6667000000000001,18.847805980478945,0.5795,136.1,315.0,0,0
webb_simpson,2014,288.5,0.6224000000000001,0.6528,19.974963026665822,0.5905,167.8,287.0,1,0
webb_simpson,2015,289.4,0.6785,0.6781,18.382023827642048,0.6437999999999999,314.5,295.0,1,0
webb_simpson,2016,286.3,0.6217,0.6714,17.91699993876083,0.5942000000000001,256.5,315.0,0,0
webb_simpson,2017,286.5,0.6626000000000001,0.6548999999999999,18.44554061961861,0.652,197.1,286.0,1,0
webb_simpson,2018,293.7,0.6234000000000001,0.6793,19.129418607213342,0.6609999999999999,81.4,277.0,1,1
wesley_bryan,2017,279.8,0.5787,0.605,19.279879768527838,0.6059,64.4,315.0,0,0
william_mcgirt,2016,287.6,0.6528,0.6735,19.1297652015561,0.6076,139.6,290.0,1,0
woody_austin,2007,286.1,0.6332,0.655,18.73243265924993,0.6085,228.2,315.0,0,0
xander_schauffele,2017,306.8,0.5882000000000001,0.68,20.36288044457365,0.5755,138.5,296.0,1,0
xander_schauffele,2018,304.9,0.5977,0.6559,21.17713282909448,0.5781000000000001,193.5,276.0,1,1
y.e._yang,2008,286.9,0.6343,0.6596,18.26938080505193,0.5572,225.2,315.0,0,0
y.e._yang,2009,291.3,0.6056,0.6617000000000001,19.10866086723214,0.5842,221.8,281.0,1,1
y.e._yang,2010,288.6,0.6431,0.6595,18.971863377117177,0.5618,159.1,285.0,1,0
y.e._yang,2011,290.2,0.6223,0.6252,18.796979145596772,0.6131,96.9,299.0,1,0
y.e._yang,2012,284.9,0.6106,0.5851,20.92416784486303,0.5767,100.9,315.0,0,0
y.e._yang,2013,286.7,0.6279,0.627,17.37484532305252,0.5665,176.2,315.0,0,0
zach_johnson,2004,285.6,0.7191,0.6786,19.295833333333334,0.5929,91.9,315.0,0,0
zach_johnson,2005,290.0,0.6692,0.6667000000000001,19.239526209083216,0.5737,132.1,293.0,1,0
zach_johnson,2006,283.7,0.6962999999999999,0.6686,17.690530541318804,0.5752,179.5,289.0,1,1
zach_johnson,2007,280.4,0.7304999999999999,0.6444,18.208728142172795,0.6042000000000001,100.8,291.0,1,0
zach_johnson,2008,275.1,0.7373000000000001,0.6759000000000001,17.245622089388366,0.5714,171.8,315.0,0,0
zach_johnson,2009,281.2,0.7147,0.6781,17.901214111525135,0.621,111.0,295.0,1,0
zach_johnson,2010,279.7,0.7123999999999999,0.6654000000000001,19.03213660131492,0.5766,74.0,315.0,0,0
zach_johnson,2011,278.2,0.7106,0.6638,18.254329699492605,0.6397999999999999,106.4,291.0,1,0
zach_johnson,2012,281.1,0.6853,0.6495000000000001,19.846130325302436,0.6037,85.8,291.0,1,0
zach_johnson,2013,278.8,0.6968000000000001,0.6814,17.65039942890812,0.5966,186.7,315.0,0,0
zach_johnson,2014,282.2,0.7051000000000001,0.6742,17.996913315590785,0.6075,163.4,280.0,1,1
zach_johnson,2015,282.6,0.7121,0.6858,19.22736721446803,0.6098,165.2,315.0,0,0
zach_johnson,2016,280.1,0.6523,0.6453,18.897821927701383,0.6211,128.6,315.0,0,0
zach_johnson,2017,286.9,0.6753,0.6420999999999999,19.167094198130293,0.5988,112.5,290.0,1,0
zach_johnson,2018,289.8,0.6388,0.6743000000000001,18.80464308060349,0.6235,167.0,293.0,1,0
ángel_cabrera,2008,300.2,0.5111,0.6264,19.728438388529387,0.5306000000000001,271.6,276.0,1,1
ángel_cabrera,2009,304.1,0.5146000000000001,0.6235,19.350535881181404,0.5738,163.6,287.0,1,0
ángel_cabrera,2010,304.5,0.5449,0.6578,20.369403628154323,0.5515,244.9,279.0,1,1
ángel_cabrera,2011,301.6,0.5497,0.6389,20.90643175888436,0.5217,97.7,291.0,1,0
ángel_cabrera,2012,299.7,0.5702,0.6333,19.12554131405319,0.4909000000000001,245.5,279.0,1,1
ángel_cabrera,2013,294.0,0.5619,0.6498999999999999,20.1529847699761,0.5543,250.8,315.0,0,0
ángel_cabrera,2014,303.7,0.584,0.6498,19.6006527314781,0.531,237.5,286.0,1,0
ángel_cabrera,2015,299.7,0.5589999999999999,0.6487999999999999,20.062053733354418,0.5045000000000001,294.5,294.0,1,0
ángel_cabrera,2016,294.6,0.5806,0.6308,19.718392429404584,0.551,275.9,315.0,0,0
